_id,CH_SYMBOL,CH_SERIES,CH_MARKET_TYPE,CH_TRADE_HIGH_PRICE,CH_TRADE_LOW_PRICE,CH_OPENING_PRICE,CH_CLOSING_PRICE,CH_LAST_TRADED_PRICE,CH_PREVIOUS_CLS_PRICE,CH_TOT_TRADED_QTY,CH_TOT_TRADED_VAL,CH_52WEEK_HIGH_PRICE,CH_52WEEK_LOW_PRICE,CH_TOTAL_TRADES,CH_ISIN,CH_TIMESTAMP,TIMESTAMP,createdAt,updatedAt,__v,SLBMH_TOT_VAL,VWAP,mTIMESTAMP,CA
63aed2ffece58500067d1e25,JINDALSTEL,EQ,N,596.5,576.7,596.2,580.6,583.45,589.35,3524630,2072065598.15,597.95,304.2,50006,INE749A01030,2022-12-30,2022-12-29T18:30:00.000Z,2022-12-30T12:01:03.587Z,2022-12-30T12:01:03.587Z,0,,587.88,30-Dec-2022,
63ad817f165f2b0007bbcdbc,JINDALSTEL,EQ,N,597.95,570.1,572.0,589.35,591.0,578.2,5659082,3290075118.85,597.95,304.2,69411,INE749A01030,2022-12-29,2022-12-28T18:30:00.000Z,2022-12-29T12:01:03.791Z,2022-12-29T12:01:03.791Z,0,,581.38,29-Dec-2022,
63ac2fffb817f50007b7e5ae,JINDALSTEL,EQ,N,583.95,568.5,572.8,578.2,577.55,575.95,8477148,4896097538.7,583.95,304.2,128420,INE749A01030,2022-12-28,2022-12-27T18:30:00.000Z,2022-12-28T12:01:03.495Z,2022-12-28T12:01:03.495Z,0,,577.56,28-Dec-2022,
63aade61877f910007943bca,JINDALSTEL,EQ,N,578.65,532.0,535.05,575.95,574.45,528.35,15063600,8476645744.9,578.65,304.2,164647,INE749A01030,2022-12-27,2022-12-26T18:30:00.000Z,2022-12-27T12:00:33.774Z,2022-12-27T12:00:33.774Z,0,,562.72,27-Dec-2022,
63a98cffdec2580006f62d76,JINDALSTEL,EQ,N,537.0,523.55,525.25,528.35,528.9,524.3,2918642,1551197372.05,577.8,304.2,59779,INE749A01030,2022-12-26,2022-12-25T18:30:00.000Z,2022-12-26T12:01:03.992Z,2022-12-26T12:01:03.992Z,0,,531.48,26-Dec-2022,
63a5987fba71aa0006a9f3e2,JINDALSTEL,EQ,N,539.0,522.0,535.0,524.3,526.95,539.85,2296625,1218310268.05,577.8,304.2,29472,INE749A01030,2022-12-23,2022-12-22T18:30:00.000Z,2022-12-23T12:01:03.601Z,2022-12-23T12:01:03.601Z,0,,530.48,23-Dec-2022,
63a446dc4168e200078940c8,JINDALSTEL,EQ,N,552.95,537.25,548.75,539.85,540.5,547.6,2300268,1247081501.0,577.8,304.2,40837,INE749A01030,2022-12-22,2022-12-21T18:30:00.000Z,2022-12-22T12:00:28.509Z,2022-12-22T12:00:28.509Z,0,,542.15,22-Dec-2022,
63a2f562fbd8f20007c482cc,JINDALSTEL,EQ,N,561.3,541.3,550.05,547.6,547.0,546.05,3475867,1922119784.8,577.8,304.2,47545,INE749A01030,2022-12-21,2022-12-20T18:30:00.000Z,2022-12-21T12:00:34.207Z,2022-12-21T12:00:34.207Z,0,,552.99,21-Dec-2022,
63a1a3e1c0ffa70007a00b73,JINDALSTEL,EQ,N,549.8,536.8,547.1,546.05,546.0,552.6,1902685,1032253411.05,577.8,304.2,28523,INE749A01030,2022-12-20,2022-12-19T18:30:00.000Z,2022-12-20T12:00:33.836Z,2022-12-20T12:00:33.836Z,0,,542.52,20-Dec-2022,
63a0527ff1563200081b4964,JINDALSTEL,EQ,N,553.9,542.55,542.9,552.6,552.05,542.9,2461987,1353844720.5,577.8,304.2,32704,INE749A01030,2022-12-19,2022-12-18T18:30:00.000Z,2022-12-19T12:01:03.293Z,2022-12-19T12:01:03.293Z,0,,549.9,19-Dec-2022,
639c5dff28c1380006e2f9ee,JINDALSTEL,EQ,N,549.35,535.2,538.1,542.9,543.9,542.2,2283728,1239950115.65,577.8,304.2,36439,INE749A01030,2022-12-16,2022-12-15T18:30:00.000Z,2022-12-16T12:01:03.845Z,2022-12-16T12:01:03.845Z,0,,542.95,16-Dec-2022,
639b0c6074943d000772209c,JINDALSTEL,EQ,N,566.0,540.65,560.95,542.2,541.9,560.55,2683159,1474824745.65,577.8,304.2,42363,INE749A01030,2022-12-15,2022-12-14T18:30:00.000Z,2022-12-15T12:00:32.902Z,2022-12-15T12:00:32.902Z,0,,549.66,15-Dec-2022,
6399bae3e6e7840007d9bae7,JINDALSTEL,EQ,N,562.95,554.0,554.55,560.55,561.45,551.9,2154134,1205451234.1,577.8,304.2,34331,INE749A01030,2022-12-14,2022-12-13T18:30:00.000Z,2022-12-14T12:00:35.426Z,2022-12-14T12:00:35.426Z,0,,559.6,14-Dec-2022,
63986961f596af0007c3ee4b,JINDALSTEL,EQ,N,558.5,548.7,555.0,551.9,552.0,554.45,1804401,995737074.65,577.8,304.2,35161,INE749A01030,2022-12-13,2022-12-12T18:30:00.000Z,2022-12-13T12:00:33.484Z,2022-12-13T12:00:33.484Z,0,,551.84,13-Dec-2022,
639717ff8f01260008e2fa67,JINDALSTEL,EQ,N,556.65,537.2,541.95,554.45,553.3,545.8,2457350,1352824882.4,577.8,304.2,37026,INE749A01030,2022-12-12,2022-12-11T18:30:00.000Z,2022-12-12T12:01:03.901Z,2022-12-12T12:01:03.901Z,0,,550.52,12-Dec-2022,
6393238041313000070c370b,JINDALSTEL,EQ,N,566.55,539.85,566.0,545.8,545.4,559.9,6294136,3483427026.5,577.8,304.2,54737,INE749A01030,2022-12-09,2022-12-08T18:30:00.000Z,2022-12-09T12:01:04.096Z,2022-12-09T12:01:04.096Z,0,,553.44,09-Dec-2022,
6391d1ff15fb0f00073a2bec,JINDALSTEL,EQ,N,566.05,558.0,563.4,559.9,559.65,560.85,3328093,1867781275.95,577.8,304.2,27766,INE749A01030,2022-12-08,2022-12-07T18:30:00.000Z,2022-12-08T12:01:03.724Z,2022-12-08T12:01:03.724Z,0,,561.22,08-Dec-2022,
6390807fbba3e7000746bd4d,JINDALSTEL,EQ,N,570.1,559.35,569.8,560.85,559.6,567.5,1984033,1118723291.05,577.8,304.2,30401,INE749A01030,2022-12-07,2022-12-06T18:30:00.000Z,2022-12-07T12:01:03.998Z,2022-12-07T12:01:03.998Z,0,,563.86,07-Dec-2022,
638f2eff029bc50007eb730a,JINDALSTEL,EQ,N,569.5,561.5,564.0,567.5,566.0,569.35,2722675,1541365455.75,577.8,304.2,33414,INE749A01030,2022-12-06,2022-12-05T18:30:00.000Z,2022-12-06T12:01:03.847Z,2022-12-06T12:01:03.847Z,0,,566.12,06-Dec-2022,
638ddd62c10ae00007166ac5,JINDALSTEL,EQ,N,573.5,566.05,571.3,569.35,567.0,564.45,2829575,1611461476.35,577.8,304.2,54873,INE749A01030,2022-12-05,2022-12-04T18:30:00.000Z,2022-12-05T12:00:34.073Z,2022-12-05T12:00:34.073Z,0,,569.51,05-Dec-2022,
6389e8ff029bc50007800306,JINDALSTEL,EQ,N,570.8,560.5,564.45,564.45,564.2,564.5,4132768,2332565421.0,577.8,304.2,68466,INE749A01030,2022-12-02,2022-12-01T18:30:00.000Z,2022-12-02T12:01:03.960Z,2022-12-02T12:01:03.960Z,0,,564.41,02-Dec-2022,
63889782de35720007f05be6,JINDALSTEL,EQ,N,566.9,537.7,540.0,564.5,562.05,535.75,8938555,4964405331.85,577.8,304.2,82327,INE749A01030,2022-12-01,2022-11-30T18:30:00.000Z,2022-12-01T12:01:06.912Z,2022-12-01T12:01:06.912Z,0,,555.39,01-Dec-2022,
63874600de35720007b7fbbe,JINDALSTEL,EQ,N,539.5,515.0,517.0,535.75,536.15,515.0,9585497,5112761528.2,577.8,304.2,104769,INE749A01030,2022-11-30,2022-11-29T18:30:00.000Z,2022-11-30T12:01:04.632Z,2022-11-30T12:01:04.632Z,0,,533.39,30-Nov-2022,
6385f462735fc10007ec164c,JINDALSTEL,EQ,N,518.0,507.45,507.45,515.0,515.1,507.2,2267533,1167530660.65,577.8,304.2,32606,INE749A01030,2022-11-29,2022-11-28T18:30:00.000Z,2022-11-29T12:00:34.321Z,2022-11-29T12:00:34.321Z,0,,514.89,29-Nov-2022,
6384a2e409ea49000713fd19,JINDALSTEL,EQ,N,520.2,505.85,517.8,507.2,507.05,520.8,2593511,1321250000.25,577.8,304.2,35926,INE749A01030,2022-11-28,2022-11-27T18:30:00.000Z,2022-11-28T12:00:36.502Z,2022-11-28T12:00:36.502Z,0,,509.44,28-Nov-2022,
6380ae8251c71c00078f3424,JINDALSTEL,EQ,N,524.65,517.5,524.65,520.8,520.35,522.0,1747230,909581862.9,577.8,304.2,21040,INE749A01030,2022-11-25,2022-11-24T18:30:00.000Z,2022-11-25T12:01:06.823Z,2022-11-25T12:01:06.823Z,0,,520.59,25-Nov-2022,
637f5d00b092ab000748b192,JINDALSTEL,EQ,N,529.0,519.0,526.7,522.0,523.0,525.5,1782095,932312244.15,577.8,304.2,24664,INE749A01030,2022-11-24,2022-11-23T18:30:00.000Z,2022-11-24T12:01:04.323Z,2022-11-24T12:01:04.323Z,0,,523.16,24-Nov-2022,
637e0b7f70aa6000075449c6,JINDALSTEL,EQ,N,532.0,520.8,527.15,525.5,525.0,523.35,4968549,2613037234.05,577.8,304.2,56203,INE749A01030,2022-11-23,2022-11-22T18:30:00.000Z,2022-11-23T12:01:04.008Z,2022-11-23T12:01:04.008Z,0,,525.92,23-Nov-2022,
637cba0298bcc20007be4abd,JINDALSTEL,EQ,N,524.9,514.25,517.0,523.35,522.0,516.5,3041780,1584886841.4,577.8,304.2,47941,INE749A01030,2022-11-22,2022-11-21T18:30:00.000Z,2022-11-22T12:01:06.402Z,2022-11-22T12:01:06.402Z,0,,521.04,22-Nov-2022,
637b6864463ad400077b1778,JINDALSTEL,EQ,N,526.5,512.2,522.0,516.5,515.9,517.75,3718235,1927172203.0,577.8,304.2,53539,INE749A01030,2022-11-21,2022-11-20T18:30:00.000Z,2022-11-21T12:00:36.640Z,2022-11-21T12:00:36.640Z,0,,518.3,21-Nov-2022,
6377740359851f0007931b58,JINDALSTEL,EQ,N,520.0,510.1,514.9,517.75,518.0,514.75,2955341,1524192089.6,577.8,304.2,39229,INE749A01030,2022-11-18,2022-11-17T18:30:00.000Z,2022-11-18T12:01:07.698Z,2022-11-18T12:01:07.698Z,0,,515.74,18-Nov-2022,
637622827af31f0007533cf5,JINDALSTEL,EQ,N,519.4,507.2,512.0,514.75,512.5,514.4,2917574,1498518708.3,577.8,304.2,54098,INE749A01030,2022-11-17,2022-11-16T18:30:00.000Z,2022-11-17T12:01:06.722Z,2022-11-17T12:01:06.722Z,0,,513.62,17-Nov-2022,
6374d0e7476c500007eef8be,JINDALSTEL,EQ,N,525.95,511.05,525.95,514.4,514.15,524.05,3099871,1603771612.7,577.8,304.2,43627,INE749A01030,2022-11-16,2022-11-15T18:30:00.000Z,2022-11-16T12:00:39.126Z,2022-11-16T12:00:39.126Z,0,,517.37,16-Nov-2022,
63737f800f8197000847b5fa,JINDALSTEL,EQ,N,525.5,511.8,514.0,524.05,524.8,515.1,3041035,1577878103.4,577.8,304.2,53751,INE749A01030,2022-11-15,2022-11-14T18:30:00.000Z,2022-11-15T12:01:04.850Z,2022-11-15T12:01:04.850Z,0,,518.86,15-Nov-2022,
637331a04391210007c5d5b9,JINDALSTEL,EQ,N,517.0,501.35,502.0,515.1,513.85,498.9,5697689,2911294711.55,577.8,304.2,70222,INE749A01030,2022-11-14,2022-11-13T18:30:00.000Z,2022-11-15T06:28:48.170Z,2022-11-15T06:28:48.170Z,0,,510.96,14-Nov-2022,
636e396731b6440007d9c88c,JINDALSTEL,EQ,N,502.5,476.0,476.0,498.9,499.0,474.85,8288340,4090899666.05,577.8,304.2,102440,INE749A01030,2022-11-11,2022-11-10T18:30:00.000Z,2022-11-11T12:00:39.529Z,2022-11-11T12:00:39.529Z,0,,493.57,11-Nov-2022,
636ce7e99fc50d0007acaf88,JINDALSTEL,EQ,N,479.95,471.45,476.3,474.85,474.7,481.25,2578001,1224554269.4,577.8,304.2,30740,INE749A01030,2022-11-10,2022-11-09T18:30:00.000Z,2022-11-10T12:00:41.550Z,2022-11-10T12:00:41.550Z,0,,475.0,10-Nov-2022,
636b96679fc50d00077a5042,JINDALSTEL,EQ,N,498.3,478.2,497.0,481.25,478.75,494.05,3231177,1574536351.55,577.8,304.2,31639,INE749A01030,2022-11-09,2022-11-08T18:30:00.000Z,2022-11-09T12:00:39.829Z,2022-11-09T12:00:39.829Z,0,,487.29,09-Nov-2022,
6368f366ea65ae0007eb1a71,JINDALSTEL,EQ,N,496.8,475.6,482.0,494.05,494.2,477.35,4952724,2429305174.1,577.8,304.2,56725,INE749A01030,2022-11-07,2022-11-06T18:30:00.000Z,2022-11-07T12:00:38.018Z,2022-11-07T12:00:38.018Z,0,,490.5,07-Nov-2022,
6364fee152e5ad0007d2a4fa,JINDALSTEL,EQ,N,481.3,470.15,471.0,477.35,479.55,468.85,3810254,1813157949.3,577.8,304.2,52811,INE749A01030,2022-11-04,2022-11-03T18:30:00.000Z,2022-11-04T12:00:33.969Z,2022-11-04T12:00:33.969Z,0,,475.86,04-Nov-2022,
6363ad68e8e06a0007c51f93,JINDALSTEL,EQ,N,474.3,463.5,464.8,468.85,468.1,470.05,2314376,1085571997.75,577.8,304.2,24004,INE749A01030,2022-11-03,2022-11-02T18:30:00.000Z,2022-11-03T12:00:40.321Z,2022-11-03T12:00:40.321Z,0,,469.06,03-Nov-2022,
63625c019686a20007223a09,JINDALSTEL,EQ,N,476.9,464.35,465.0,470.05,469.4,465.0,3307547,1561565124.75,577.8,304.2,45642,INE749A01030,2022-11-02,2022-11-01T18:30:00.000Z,2022-11-02T12:01:05.620Z,2022-11-02T12:01:05.620Z,0,,472.12,02-Nov-2022,
63610a81e70a7c00070bed45,JINDALSTEL,EQ,N,467.8,454.35,454.35,465.0,464.9,459.85,2103928,977575262.85,577.8,304.2,25214,INE749A01030,2022-11-01,2022-10-31T18:30:00.000Z,2022-11-01T12:01:05.957Z,2022-11-01T12:01:05.957Z,0,,464.64,01-Nov-2022,
635fb901f9a97d0007e14af1,JINDALSTEL,EQ,N,461.0,446.25,457.1,459.85,461.0,453.9,2260943,1030777411.7,577.8,304.2,26572,INE749A01030,2022-10-31,2022-10-30T18:30:00.000Z,2022-10-31T12:01:05.507Z,2022-10-31T12:01:05.507Z,0,,455.91,31-Oct-2022,
635bc4691ae954000774b599,JINDALSTEL,EQ,N,469.4,448.0,469.2,453.9,454.5,469.45,3269810,1485796681.6,577.8,304.2,36721,INE749A01030,2022-10-28,2022-10-27T18:30:00.000Z,2022-10-28T12:00:41.338Z,2022-10-28T12:00:41.338Z,0,,454.4,28-Oct-2022,
635a72e6e9c95900075d1243,JINDALSTEL,EQ,N,471.0,454.3,454.3,469.45,469.0,451.25,5530234,2574554840.05,577.8,304.2,55922,INE749A01030,2022-10-27,2022-10-26T18:30:00.000Z,2022-10-27T12:00:38.342Z,2022-10-27T12:00:38.342Z,0,,465.54,27-Oct-2022,
6357cfea64db8700074554aa,JINDALSTEL,EQ,N,456.0,437.0,438.35,451.25,449.2,438.35,5775004,2602505332.8,577.8,304.2,54499,INE749A01030,2022-10-25,2022-10-24T18:30:00.000Z,2022-10-25T12:00:42.504Z,2022-10-25T12:00:42.504Z,0,,450.65,25-Oct-2022,
6356a890e079b1000760b959,JINDALSTEL,EQ,N,440.3,432.85,437.95,438.35,439.8,437.95,361513,158294541.9,577.8,304.2,5347,INE749A01030,2022-10-24,2022-10-23T18:30:00.000Z,2022-10-24T15:00:32.117Z,2022-10-24T15:00:32.117Z,0,,437.87,24-Oct-2022,
6458c0567a898b000718870a,JINDALSTEL,EQ,N,447.65,435.95,443.9,437.95,437.0,443.2,2446164,1073853387.6,577.8,304.2,24694,INE749A01030,2022-10-21,2022-10-20T18:30:00.000Z,2023-05-08T09:26:46.253Z,2023-05-08T09:26:46.253Z,0,,438.99,21-Oct-2022,
6351388113530000074b8d86,JINDALSTEL,EQ,N,445.65,435.6,439.7,443.2,443.9,439.75,2887362,1272094394.5,577.8,304.2,29329,INE749A01030,2022-10-20,2022-10-19T18:30:00.000Z,2022-10-20T12:01:05.177Z,2022-10-20T12:01:05.177Z,0,,440.57,20-Oct-2022,
634fed15cf925b000687655d,JINDALSTEL,EQ,N,447.5,437.0,440.1,439.75,440.0,437.9,3038495,1346036748.15,577.8,304.2,37833,INE749A01030,2022-10-19,2022-10-18T18:30:00.000Z,2022-10-19T12:27:01.967Z,2022-10-19T12:27:01.967Z,0,,442.99,19-Oct-2022,
63ce93913853d800073824cf,JINDALSTEL,EQ,N,444.35,437.0,441.95,437.9,437.1,439.75,2378127,1043530011.45,577.8,304.2,20493,INE749A01030,2022-10-18,2022-10-17T18:30:00.000Z,2023-01-23T14:02:57.953Z,2023-01-23T14:02:57.953Z,0,,438.8,18-Oct-2022,
63ce938562e219000737e079,JINDALSTEL,EQ,N,441.05,429.0,430.0,439.75,439.5,435.85,3151261,1378004845.5,577.8,304.2,17704,INE749A01030,2022-10-17,2022-10-16T18:30:00.000Z,2023-01-23T14:02:46.005Z,2023-01-23T14:02:46.005Z,0,,437.29,17-Oct-2022,
63ce93753853d80007381b14,JINDALSTEL,EQ,N,443.8,434.5,442.0,435.85,435.2,434.85,3756770,1643133126.4,577.8,304.2,18815,INE749A01030,2022-10-14,2022-10-13T18:30:00.000Z,2023-01-23T14:02:29.743Z,2023-01-23T14:02:29.743Z,0,,437.38,14-Oct-2022,
63ce9365c7307c0007da5e8e,JINDALSTEL,EQ,N,439.0,428.6,433.0,434.85,433.5,432.55,1241456,538228293.1,577.8,304.2,14472,INE749A01030,2022-10-13,2022-10-12T18:30:00.000Z,2023-01-23T14:02:13.284Z,2023-01-23T14:02:13.284Z,0,,433.55,13-Oct-2022,
63ce9356989df5000759fd46,JINDALSTEL,EQ,N,434.5,424.5,430.7,432.55,433.0,428.55,3195372,1371256568.2,577.8,304.2,29414,INE749A01030,2022-10-12,2022-10-11T18:30:00.000Z,2023-01-23T14:01:58.349Z,2023-01-23T14:01:58.349Z,0,,429.14,12-Oct-2022,
63ce9347c5be40000736a789,JINDALSTEL,EQ,N,448.9,426.1,447.0,428.55,426.7,446.5,3590610,1566509767.3,577.8,304.2,50707,INE749A01030,2022-10-11,2022-10-10T18:30:00.000Z,2023-01-23T14:01:43.135Z,2023-01-23T14:01:43.135Z,0,,436.28,11-Oct-2022,
63ce9339c8ca820007f8e776,JINDALSTEL,EQ,N,447.9,434.1,437.0,446.5,445.3,446.3,1784305,788059639.6,577.8,304.2,26833,INE749A01030,2022-10-10,2022-10-09T18:30:00.000Z,2023-01-23T14:01:29.669Z,2023-01-23T14:01:29.669Z,0,,441.66,10-Oct-2022,
63ce93293920dc0007442291,JINDALSTEL,EQ,N,453.0,438.95,453.0,446.3,445.1,453.0,3064718,1360181206.0,577.8,304.2,36783,INE749A01030,2022-10-07,2022-10-06T18:30:00.000Z,2023-01-23T14:01:13.409Z,2023-01-23T14:01:13.409Z,0,,443.82,07-Oct-2022,
63ce931beb800e0007029755,JINDALSTEL,EQ,N,454.75,440.0,441.7,453.0,453.0,439.5,3200170,1442810731.4,577.8,304.2,42917,INE749A01030,2022-10-06,2022-10-05T18:30:00.000Z,2023-01-23T14:00:59.197Z,2023-01-23T14:00:59.197Z,0,,450.85,06-Oct-2022,
63ce930ed0a9900007adacd5,JINDALSTEL,EQ,N,440.55,427.1,433.0,439.5,438.5,419.6,3494559,1518660094.85,577.8,304.2,34409,INE749A01030,2022-10-04,2022-10-03T18:30:00.000Z,2023-01-23T14:00:46.891Z,2023-01-23T14:00:46.891Z,0,,434.58,04-Oct-2022,
63ce92ffc8ca820007f8dcd8,JINDALSTEL,EQ,N,430.4,417.3,428.2,419.6,418.55,428.6,3216345,1363965739.55,577.8,304.2,38575,INE749A01030,2022-10-03,2022-10-02T18:30:00.000Z,2023-01-23T14:00:31.813Z,2023-01-23T14:00:31.813Z,0,,424.07,03-Oct-2022,
63ce9326ed0f3900079bf6ae,JINDALSTEL,EQ,N,431.5,417.85,418.45,428.6,428.0,418.2,3400438,1449385461.1,577.8,304.2,39907,INE749A01030,2022-09-30,2022-09-29T18:30:00.000Z,2023-01-23T14:01:10.311Z,2023-01-23T14:01:10.311Z,0,,426.23,30-Sep-2022,
63ce92ddf1500d00079a9ae4,JINDALSTEL,EQ,N,422.0,409.15,409.15,418.2,417.05,403.75,6998654,2928037871.1,577.8,304.2,58098,INE749A01030,2022-09-29,2022-09-28T18:30:00.000Z,2023-01-23T13:59:57.599Z,2023-01-23T13:59:57.599Z,0,,418.37,29-Sep-2022,
63ce92ceea62a90007766d92,JINDALSTEL,EQ,N,405.25,391.3,394.0,403.75,401.7,398.6,7925698,3194528064.1,577.8,304.2,35501,INE749A01030,2022-09-28,2022-09-27T18:30:00.000Z,2023-01-23T13:59:42.034Z,2023-01-23T13:59:42.034Z,0,,403.06,28-Sep-2022,
63ce92bfeb800e0007028d83,JINDALSTEL,EQ,N,405.85,386.1,401.0,398.6,399.75,397.3,3195580,1265162895.15,577.8,304.2,46064,INE749A01030,2022-09-27,2022-09-26T18:30:00.000Z,2023-01-23T13:59:27.057Z,2023-01-23T13:59:27.057Z,0,,395.91,27-Sep-2022,
63ce92b4c7307c0007da544d,JINDALSTEL,EQ,N,423.0,395.0,418.3,397.3,396.0,425.8,4314013,1735322733.15,577.8,304.2,45874,INE749A01030,2022-09-26,2022-09-25T18:30:00.000Z,2023-01-23T13:59:16.907Z,2023-01-23T13:59:16.907Z,0,,402.25,26-Sep-2022,
63ce92a1c5be400007369a9f,JINDALSTEL,EQ,N,437.25,420.6,433.8,425.8,425.35,434.25,2487778,1066761712.4,577.8,304.2,28272,INE749A01030,2022-09-23,2022-09-22T18:30:00.000Z,2023-01-23T13:58:57.035Z,2023-01-23T13:58:57.035Z,0,,428.8,23-Sep-2022,
63ce9292bca9320007ec2bdd,JINDALSTEL,EQ,N,436.0,422.0,429.15,434.25,434.9,432.15,2550296,1097090614.2,577.8,304.2,27884,INE749A01030,2022-09-22,2022-09-21T18:30:00.000Z,2023-01-23T13:58:42.180Z,2023-01-23T13:58:42.180Z,0,,430.18,22-Sep-2022,
63ce92893920dc0007441803,JINDALSTEL,EQ,N,439.95,431.0,436.5,432.15,432.0,438.75,1664497,724320267.7,577.8,304.2,27494,INE749A01030,2022-09-21,2022-09-20T18:30:00.000Z,2023-01-23T13:58:33.277Z,2023-01-23T13:58:33.277Z,0,,435.16,21-Sep-2022,
63ce9271ea62a90007766327,JINDALSTEL,EQ,N,444.45,433.5,433.5,438.75,437.85,431.65,2071257,912359563.3,577.8,304.2,31464,INE749A01030,2022-09-20,2022-09-19T18:30:00.000Z,2023-01-23T13:58:09.671Z,2023-01-23T13:58:09.671Z,0,,440.49,20-Sep-2022,"[{'symbol': 'JINDALSTEL', 'series': 'EQ', 'ind': '-', 'faceVal': '1', 'subject': 'Dividend - Rs 2 Per Share', 'exDate': '20-Sep-2022', 'recDate': '21-Sep-2022', 'bcStartDate': '-', 'bcEndDate': '-', 'ndStartDate': '-', 'comp': 'JINDAL STEEL LIMITED', 'isin': 'INE749A01030', 'ndEndDate': '-', 'caBroadcastDate': None}]"
63ce9264c7307c0007da4a28,JINDALSTEL,EQ,N,439.25,428.7,438.0,431.65,430.9,435.8,2707642,1177972023.1,577.8,304.2,28795,INE749A01030,2022-09-19,2022-09-18T18:30:00.000Z,2023-01-23T13:57:56.865Z,2023-01-23T13:57:56.865Z,0,,435.05,19-Sep-2022,
63ce9253a34e360007d12a1c,JINDALSTEL,EQ,N,449.0,428.6,442.0,435.8,434.75,446.35,4652607,2039130002.8,577.8,304.2,46649,INE749A01030,2022-09-16,2022-09-15T18:30:00.000Z,2023-01-23T13:57:39.768Z,2023-01-23T13:57:39.768Z,0,,438.28,16-Sep-2022,
63ce9244f1500d00079a90db,JINDALSTEL,EQ,N,459.45,444.05,455.05,446.35,446.7,457.15,3038619,1367577125.2,577.8,304.2,36643,INE749A01030,2022-09-15,2022-09-14T18:30:00.000Z,2023-01-23T13:57:24.561Z,2023-01-23T13:57:24.561Z,0,,450.07,15-Sep-2022,
63ce9360ed0f3900079c0c39,JINDALSTEL,EQ,N,468.0,439.65,440.85,457.15,455.05,447.6,4716990,2137967835.85,577.8,304.2,52626,INE749A01030,2022-09-14,2022-09-13T18:30:00.000Z,2023-01-23T14:02:08.699Z,2023-01-23T14:02:08.699Z,0,,453.25,14-Sep-2022,
63ce9356ed0f3900079c05dc,JINDALSTEL,EQ,N,449.75,441.2,442.9,447.6,447.55,441.45,2564828,1146049202.7,577.8,304.2,34176,INE749A01030,2022-09-13,2022-09-12T18:30:00.000Z,2023-01-23T14:01:58.433Z,2023-01-23T14:01:58.433Z,0,,446.83,13-Sep-2022,
63ce92163920dc0007440e07,JINDALSTEL,EQ,N,443.7,432.0,433.0,441.45,439.7,430.95,2775392,1217176469.65,577.8,304.2,32552,INE749A01030,2022-09-12,2022-09-11T18:30:00.000Z,2023-01-23T13:56:38.519Z,2023-01-23T13:56:38.519Z,0,,438.56,12-Sep-2022,
63ce9207f1500d00079a84c1,JINDALSTEL,EQ,N,437.3,423.15,434.3,430.95,430.0,429.5,3478191,1497778164.85,577.8,304.2,42469,INE749A01030,2022-09-09,2022-09-08T18:30:00.000Z,2023-01-23T13:56:23.508Z,2023-01-23T13:56:23.508Z,0,,430.62,09-Sep-2022,
63ce91fad0a9900007ada2ad,JINDALSTEL,EQ,N,437.0,428.25,435.2,429.5,429.7,432.65,1903128,822586896.0,577.8,304.2,22562,INE749A01030,2022-09-08,2022-09-07T18:30:00.000Z,2023-01-23T13:56:10.588Z,2023-01-23T13:56:10.588Z,0,,432.23,08-Sep-2022,
63ce91eb3920dc0007440426,JINDALSTEL,EQ,N,438.55,428.3,433.0,432.65,431.2,436.7,3701548,1601143749.85,577.8,304.2,38372,INE749A01030,2022-09-07,2022-09-06T18:30:00.000Z,2023-01-23T13:55:55.145Z,2023-01-23T13:55:55.145Z,0,,432.56,07-Sep-2022,
63ce91dd3920dc000743fa1c,JINDALSTEL,EQ,N,438.8,423.0,426.95,436.7,438.0,425.65,3822180,1646652925.95,577.8,304.2,36541,INE749A01030,2022-09-06,2022-09-05T18:30:00.000Z,2023-01-23T13:55:41.252Z,2023-01-23T13:55:41.252Z,0,,430.82,06-Sep-2022,
63ce91cdeb800e0007028309,JINDALSTEL,EQ,N,428.5,417.1,417.1,425.65,425.0,418.2,2369908,1008750741.6,577.8,304.2,24690,INE749A01030,2022-09-05,2022-09-04T18:30:00.000Z,2023-01-23T13:55:25.507Z,2023-01-23T13:55:25.507Z,0,,425.65,05-Sep-2022,
63ce91bdc7c0c80007dc0aa5,JINDALSTEL,EQ,N,429.35,416.0,424.5,418.2,417.0,425.8,3636829,1526702850.45,577.8,304.2,33460,INE749A01030,2022-09-02,2022-09-01T18:30:00.000Z,2023-01-23T13:55:09.718Z,2023-01-23T13:55:09.718Z,0,,419.79,02-Sep-2022,
63ce91aea6943c000749e1ed,JINDALSTEL,EQ,N,432.95,422.95,425.65,425.8,425.5,433.35,3641109,1556959171.5,577.8,304.2,39201,INE749A01030,2022-09-01,2022-08-31T18:30:00.000Z,2023-01-23T13:54:54.289Z,2023-01-23T13:54:54.289Z,0,,427.61,01-Sep-2022,
63ce919dbca9320007ec1e56,JINDALSTEL,EQ,N,434.7,418.0,418.0,433.35,432.0,416.05,5451275,2330475206.5,577.8,304.2,54471,INE749A01030,2022-08-30,2022-08-29T18:30:00.000Z,2023-01-23T13:54:37.566Z,2023-01-23T13:54:37.566Z,0,,427.51,30-Aug-2022,
63ce918dc943230007f8a6c6,JINDALSTEL,EQ,N,418.8,401.5,409.95,416.05,418.0,419.65,6510150,2675548649.2,577.8,304.2,36133,INE749A01030,2022-08-29,2022-08-28T18:30:00.000Z,2023-01-23T13:54:21.522Z,2023-01-23T13:54:21.522Z,0,,410.98,29-Aug-2022,
63ce917dc943230007f89cba,JINDALSTEL,EQ,N,422.1,405.55,406.65,419.65,421.6,402.95,7885103,3279027345.75,577.8,304.2,56220,INE749A01030,2022-08-26,2022-08-25T18:30:00.000Z,2023-01-23T13:54:05.936Z,2023-01-23T13:54:05.936Z,0,,415.85,26-Aug-2022,
63ce916fc943230007f8931c,JINDALSTEL,EQ,N,410.4,399.0,399.75,402.95,403.4,397.65,5233097,2125796856.5,577.8,304.2,42725,INE749A01030,2022-08-25,2022-08-24T18:30:00.000Z,2023-01-23T13:53:51.108Z,2023-01-23T13:53:51.108Z,0,,406.22,25-Aug-2022,
63ce915f3920dc000743f02a,JINDALSTEL,EQ,N,402.55,390.75,390.9,397.65,396.95,390.8,2826665,1122710209.45,577.8,304.2,32313,INE749A01030,2022-08-24,2022-08-23T18:30:00.000Z,2023-01-23T13:53:35.940Z,2023-01-23T13:53:35.940Z,0,,397.19,24-Aug-2022,
63ce91508e4da900077b01a7,JINDALSTEL,EQ,N,393.5,377.0,381.0,390.8,391.9,383.15,2409943,937517898.4,577.8,304.2,26063,INE749A01030,2022-08-23,2022-08-22T18:30:00.000Z,2023-01-23T13:53:20.645Z,2023-01-23T13:53:20.645Z,0,,389.02,23-Aug-2022,
63ce9141262b0c000763ff01,JINDALSTEL,EQ,N,403.7,381.5,403.7,383.15,383.25,403.95,3897789,1526351574.55,577.8,304.2,42215,INE749A01030,2022-08-22,2022-08-21T18:30:00.000Z,2023-01-23T13:53:05.726Z,2023-01-23T13:53:05.726Z,0,,391.59,22-Aug-2022,
63ce913362e219000737d51f,JINDALSTEL,EQ,N,421.9,402.8,421.3,403.95,403.8,417.55,3966371,1631195824.3,577.8,304.2,49787,INE749A01030,2022-08-19,2022-08-18T18:30:00.000Z,2023-01-23T13:52:51.956Z,2023-01-23T13:52:51.956Z,0,,411.26,19-Aug-2022,
63ce91255be31100068f3543,JINDALSTEL,EQ,N,421.5,404.95,408.4,417.55,421.3,410.15,3285529,1358856572.85,577.8,304.2,52317,INE749A01030,2022-08-18,2022-08-17T18:30:00.000Z,2023-01-23T13:52:37.148Z,2023-01-23T13:52:37.148Z,0,,413.59,18-Aug-2022,
63ce9114a34e360007d11d0a,JINDALSTEL,EQ,N,413.25,407.05,409.95,410.15,408.4,409.95,2574513,1056219188.65,577.8,304.2,30528,INE749A01030,2022-08-17,2022-08-16T18:30:00.000Z,2023-01-23T13:52:20.726Z,2023-01-23T13:52:20.726Z,0,,410.26,17-Aug-2022,
63ce9104c7c0c80007dc00bd,JINDALSTEL,EQ,N,412.65,399.0,406.0,409.95,409.95,404.35,3322782,1353135788.1,577.8,304.2,34146,INE749A01030,2022-08-16,2022-08-15T18:30:00.000Z,2023-01-23T13:52:04.767Z,2023-01-23T13:52:04.767Z,0,,407.23,16-Aug-2022,
63ce90f5c5be4000073690dc,JINDALSTEL,EQ,N,408.95,396.2,396.2,404.35,406.0,397.9,5092529,2062672625.35,577.8,304.2,53694,INE749A01030,2022-08-12,2022-08-11T18:30:00.000Z,2023-01-23T13:51:49.928Z,2023-01-23T13:51:49.928Z,0,,405.04,12-Aug-2022,
63ce90e73853d80007380d15,JINDALSTEL,EQ,N,401.85,396.3,401.25,397.9,397.2,396.6,2593624,1033722052.3,577.8,304.2,30641,INE749A01030,2022-08-11,2022-08-10T18:30:00.000Z,2023-01-23T13:51:35.127Z,2023-01-23T13:51:35.127Z,0,,398.56,11-Aug-2022,
63ce90d73920dc000743e65f,JINDALSTEL,EQ,N,399.85,388.05,393.5,396.6,396.45,392.15,3741687,1474249432.85,577.8,304.2,49138,INE749A01030,2022-08-10,2022-08-09T18:30:00.000Z,2023-01-23T13:51:19.970Z,2023-01-23T13:51:19.970Z,0,,394.01,10-Aug-2022,
63ce90cb3920dc000743dc74,JINDALSTEL,EQ,N,398.9,390.0,393.0,392.15,392.45,392.8,3259631,1284272491.9,577.8,304.2,31293,INE749A01030,2022-08-08,2022-08-07T18:30:00.000Z,2023-01-23T13:51:07.392Z,2023-01-23T13:51:07.392Z,0,,393.99,08-Aug-2022,
63ce90b9c8ca820007f8cd8c,JINDALSTEL,EQ,N,395.0,385.15,386.4,392.8,393.0,382.8,4557120,1785717269.0,577.8,304.2,55908,INE749A01030,2022-08-05,2022-08-04T18:30:00.000Z,2023-01-23T13:50:49.457Z,2023-01-23T13:50:49.457Z,0,,391.85,05-Aug-2022,
63ce90aac8ca820007f8c391,JINDALSTEL,EQ,N,398.0,378.7,380.0,382.8,382.9,377.65,9120232,3534607117.05,577.8,304.2,86929,INE749A01030,2022-08-04,2022-08-03T18:30:00.000Z,2023-01-23T13:50:34.071Z,2023-01-23T13:50:34.071Z,0,,387.56,04-Aug-2022,
63ce909beb800e00070278de,JINDALSTEL,EQ,N,389.5,372.1,385.5,377.65,377.5,384.0,4211991,1597100725.5,577.8,304.2,43085,INE749A01030,2022-08-03,2022-08-02T18:30:00.000Z,2023-01-23T13:50:19.071Z,2023-01-23T13:50:19.071Z,0,,379.18,03-Aug-2022,
63ce908dc8ca820007f8b994,JINDALSTEL,EQ,N,389.0,374.3,389.0,384.0,383.0,390.9,4388499,1679143308.2,577.8,304.2,52042,INE749A01030,2022-08-02,2022-08-01T18:30:00.000Z,2023-01-23T13:50:05.392Z,2023-01-23T13:50:05.392Z,0,,382.62,02-Aug-2022,
63ce907cc8ca820007f8af95,JINDALSTEL,EQ,N,394.8,386.65,390.0,390.9,390.75,389.05,4994897,1950767727.9,577.8,304.2,36938,INE749A01030,2022-08-01,2022-07-31T18:30:00.000Z,2023-01-23T13:49:48.805Z,2023-01-23T13:49:48.805Z,0,,390.55,01-Aug-2022,
63ce906e3920dc000743cee5,JINDALSTEL,EQ,N,394.65,379.2,381.1,389.05,388.35,377.2,6695489,2604230588.05,577.8,304.2,71169,INE749A01030,2022-07-29,2022-07-28T18:30:00.000Z,2023-01-23T13:49:34.016Z,2023-01-23T13:49:34.016Z,0,,388.95,29-Jul-2022,
63ce905ec7c0c80007dbf79c,JINDALSTEL,EQ,N,379.0,365.25,368.05,377.2,376.8,366.6,5927786,2213084742.85,577.8,304.2,63530,INE749A01030,2022-07-28,2022-07-27T18:30:00.000Z,2023-01-23T13:49:18.618Z,2023-01-23T13:49:18.618Z,0,,373.34,28-Jul-2022,
63ce904f3920dc000743c54a,JINDALSTEL,EQ,N,367.6,357.45,360.7,366.6,367.5,361.7,3143228,1140020521.55,577.8,304.2,43437,INE749A01030,2022-07-27,2022-07-26T18:30:00.000Z,2023-01-23T13:49:03.420Z,2023-01-23T13:49:03.420Z,0,,362.69,27-Jul-2022,
63ce9040989df5000759f00d,JINDALSTEL,EQ,N,373.75,359.35,372.45,361.7,361.25,370.15,5313553,1939186115.55,577.8,304.2,49481,INE749A01030,2022-07-26,2022-07-25T18:30:00.000Z,2023-01-23T13:48:48.400Z,2023-01-23T13:48:48.400Z,0,,364.95,26-Jul-2022,
63ce90313920dc000743bb93,JINDALSTEL,EQ,N,371.5,357.25,359.0,370.15,370.0,360.2,4874583,1782875031.05,577.8,304.2,47262,INE749A01030,2022-07-25,2022-07-24T18:30:00.000Z,2023-01-23T13:48:33.432Z,2023-01-23T13:48:33.432Z,0,,365.75,25-Jul-2022,
63ce9022f1500d00079a78c1,JINDALSTEL,EQ,N,367.15,356.7,364.0,360.2,359.2,361.65,4798188,1738701135.6,577.8,304.2,46204,INE749A01030,2022-07-22,2022-07-21T18:30:00.000Z,2023-01-23T13:48:18.264Z,2023-01-23T13:48:18.264Z,0,,362.37,22-Jul-2022,
63ce9013bca9320007ec1426,JINDALSTEL,EQ,N,362.4,353.7,355.75,361.65,361.3,356.4,3848715,1382745770.8,577.8,304.2,42049,INE749A01030,2022-07-21,2022-07-20T18:30:00.000Z,2023-01-23T13:48:03.171Z,2023-01-23T13:48:03.171Z,0,,359.27,21-Jul-2022,
63ce90045be31100068f2b83,JINDALSTEL,EQ,N,364.9,354.1,358.4,356.4,355.65,352.65,5758941,2063492102.7,577.8,304.2,51841,INE749A01030,2022-07-20,2022-07-19T18:30:00.000Z,2023-01-23T13:47:48.138Z,2023-01-23T13:47:48.138Z,0,,358.31,20-Jul-2022,
63ce8ff4c5be400007368583,JINDALSTEL,EQ,N,356.0,347.0,351.7,352.65,352.15,351.5,5363422,1886401033.05,577.8,304.2,53882,INE749A01030,2022-07-19,2022-07-18T18:30:00.000Z,2023-01-23T13:47:32.751Z,2023-01-23T13:47:32.751Z,0,,351.72,19-Jul-2022,
63ce8fe5c943230007f8895a,JINDALSTEL,EQ,N,353.0,341.95,349.05,351.5,351.0,345.5,5679766,1983801732.85,577.8,304.2,55049,INE749A01030,2022-07-18,2022-07-17T18:30:00.000Z,2023-01-23T13:47:17.687Z,2023-01-23T13:47:17.687Z,0,,349.28,18-Jul-2022,
63ce8fd6f1500d00079a6e60,JINDALSTEL,EQ,N,362.45,342.8,362.0,345.5,345.2,361.15,6558911,2299939337.25,577.8,304.2,71003,INE749A01030,2022-07-15,2022-07-14T18:30:00.000Z,2023-01-23T13:47:02.635Z,2023-01-23T13:47:02.635Z,0,,350.66,15-Jul-2022,
63ce8fc7eb800e0007026d1e,JINDALSTEL,EQ,N,364.3,354.8,355.0,361.15,361.5,355.35,6237397,2246339074.55,577.8,304.2,59872,INE749A01030,2022-07-14,2022-07-13T18:30:00.000Z,2023-01-23T13:46:47.324Z,2023-01-23T13:46:47.324Z,0,,360.14,14-Jul-2022,
63ce8fb8c7c0c80007dbee2a,JINDALSTEL,EQ,N,356.8,347.9,348.55,355.35,354.35,348.55,4412006,1556184565.05,577.8,304.2,47997,INE749A01030,2022-07-13,2022-07-12T18:30:00.000Z,2023-01-23T13:46:32.315Z,2023-01-23T13:46:32.315Z,0,,352.72,13-Jul-2022,
63ce8fa962e219000737c5c6,JINDALSTEL,EQ,N,353.2,343.35,349.9,348.55,347.4,350.95,3843969,1336673782.4,577.8,304.2,42667,INE749A01030,2022-07-12,2022-07-11T18:30:00.000Z,2023-01-23T13:46:17.152Z,2023-01-23T13:46:17.152Z,0,,347.73,12-Jul-2022,
63ce8f9aa6943c000749d6d8,JINDALSTEL,EQ,N,362.15,339.1,341.0,350.95,351.5,343.4,7114822,2508288083.6,577.8,304.2,63996,INE749A01030,2022-07-11,2022-07-10T18:30:00.000Z,2023-01-23T13:46:02.327Z,2023-01-23T13:46:02.327Z,0,,352.54,11-Jul-2022,
63ce8f8ba6943c000749cd44,JINDALSTEL,EQ,N,356.5,338.25,356.0,343.4,343.0,350.4,5508311,1899344059.3,577.8,304.2,48204,INE749A01030,2022-07-08,2022-07-07T18:30:00.000Z,2023-01-23T13:45:47.389Z,2023-01-23T13:45:47.389Z,0,,344.81,08-Jul-2022,
63ce8f7b8e4da900077af6c4,JINDALSTEL,EQ,N,352.9,333.6,338.9,350.4,352.0,333.75,5563114,1905974637.4,577.8,304.2,49514,INE749A01030,2022-07-07,2022-07-06T18:30:00.000Z,2023-01-23T13:45:31.761Z,2023-01-23T13:45:31.761Z,0,,342.61,07-Jul-2022,
63ce8f6ced0f3900079be700,JINDALSTEL,EQ,N,335.1,320.0,328.5,333.75,333.85,330.6,5036395,1650825710.85,577.8,304.2,52410,INE749A01030,2022-07-06,2022-07-05T18:30:00.000Z,2023-01-23T13:45:16.696Z,2023-01-23T13:45:16.696Z,0,,327.78,06-Jul-2022,
63ce8f5dbca9320007ec0a11,JINDALSTEL,EQ,N,339.15,328.5,332.3,330.6,328.8,332.3,3778520,1265257050.65,577.8,304.2,46736,INE749A01030,2022-07-05,2022-07-04T18:30:00.000Z,2023-01-23T13:45:01.651Z,2023-01-23T13:45:01.651Z,0,,334.86,05-Jul-2022,
63ce8f4ec7c0c80007dbe491,JINDALSTEL,EQ,N,334.0,322.0,328.55,332.3,332.25,332.95,3565767,1169779080.7,577.8,304.2,39412,INE749A01030,2022-07-04,2022-07-03T18:30:00.000Z,2023-01-23T13:44:46.477Z,2023-01-23T13:44:46.477Z,0,,328.06,04-Jul-2022,
63ce8f3f3853d8000737fe69,JINDALSTEL,EQ,N,334.6,322.05,326.2,332.95,333.0,329.25,4320099,1420010911.5,577.8,304.2,43511,INE749A01030,2022-07-01,2022-06-30T18:30:00.000Z,2023-01-23T13:44:31.964Z,2023-01-23T13:44:31.964Z,0,,328.7,01-Jul-2022,
63ce8f30a34e360007d11278,JINDALSTEL,EQ,N,344.9,325.3,341.9,329.25,326.2,340.7,8520881,2843962759.4,577.8,304.2,66062,INE749A01030,2022-06-30,2022-06-29T18:30:00.000Z,2023-01-23T13:44:16.238Z,2023-01-23T13:44:16.238Z,0,,333.76,30-Jun-2022,
63ce8f21c8ca820007f8a104,JINDALSTEL,EQ,N,341.95,325.7,329.25,340.7,340.05,333.05,7754004,2601213631.5,577.8,304.2,56626,INE749A01030,2022-06-29,2022-06-28T18:30:00.000Z,2023-01-23T13:44:01.082Z,2023-01-23T13:44:01.082Z,0,,335.47,29-Jun-2022,
63ce8f11c5be400007367bee,JINDALSTEL,EQ,N,334.25,321.1,323.15,333.05,333.35,322.5,5277001,1737163099.15,577.8,304.2,48411,INE749A01030,2022-06-28,2022-06-27T18:30:00.000Z,2023-01-23T13:43:45.829Z,2023-01-23T13:43:45.829Z,0,,329.2,28-Jun-2022,
63ce8f02ed0f3900079bdd46,JINDALSTEL,EQ,N,330.9,321.7,323.0,322.5,322.45,317.6,4424275,1441750338.55,577.8,304.2,45928,INE749A01030,2022-06-27,2022-06-26T18:30:00.000Z,2023-01-23T13:43:30.813Z,2023-01-23T13:43:30.813Z,0,,325.87,27-Jun-2022,
63ce8ef3d0a9900007ad94a5,JINDALSTEL,EQ,N,318.7,308.0,311.5,317.6,318.0,309.85,5110202,1609426600.05,577.8,304.2,47789,INE749A01030,2022-06-24,2022-06-23T18:30:00.000Z,2023-01-23T13:43:15.835Z,2023-01-23T13:43:15.835Z,0,,314.94,24-Jun-2022,
63ce8ee4a34e360007d107b3,JINDALSTEL,EQ,N,316.15,304.65,309.5,309.85,309.8,307.45,5882772,1823254383.55,577.8,304.2,65181,INE749A01030,2022-06-23,2022-06-22T18:30:00.000Z,2023-01-23T13:43:00.669Z,2023-01-23T13:43:00.669Z,0,,309.93,23-Jun-2022,
63ce8ed5d0a9900007ad8a77,JINDALSTEL,EQ,N,323.9,304.2,323.9,307.45,306.4,326.9,7723854,2394719662.7,577.8,304.2,77835,INE749A01030,2022-06-22,2022-06-21T18:30:00.000Z,2023-01-23T13:42:45.734Z,2023-01-23T13:42:45.734Z,0,,310.04,22-Jun-2022,
63ce8ec6c943230007f87ee4,JINDALSTEL,EQ,N,329.35,314.05,318.95,326.9,326.05,313.3,4794355,1543972242.15,577.8,308.25,44292,INE749A01030,2022-06-21,2022-06-20T18:30:00.000Z,2023-01-23T13:42:30.673Z,2023-01-23T13:42:30.673Z,0,,322.04,21-Jun-2022,
642e4d987df0db0006dd2a49,JINDALSTEL,EQ,N,328.85,308.25,328.0,313.3,313.4,329.2,6831046,2148171519.3,577.8,308.25,61277,INE749A01030,2022-06-20,2022-06-19T18:30:00.000Z,2023-04-06T04:42:00.868Z,2023-04-06T04:42:00.868Z,0,,314.47,20-Jun-2022,
63ce8ea85be31100068f2119,JINDALSTEL,EQ,N,338.35,319.5,324.0,329.2,330.25,326.65,6958109,2303033513.25,577.8,319.5,69532,INE749A01030,2022-06-17,2022-06-16T18:30:00.000Z,2023-01-23T13:42:00.260Z,2023-01-23T13:42:00.260Z,0,,330.99,17-Jun-2022,
63ce8e99c5be40000736724e,JINDALSTEL,EQ,N,355.75,323.9,352.95,326.65,324.7,348.55,6334431,2146168700.05,577.8,323.9,58397,INE749A01030,2022-06-16,2022-06-15T18:30:00.000Z,2023-01-23T13:41:45.140Z,2023-01-23T13:41:45.140Z,0,,338.81,16-Jun-2022,
63ce8e89989df5000759e1c1,JINDALSTEL,EQ,N,354.95,347.35,351.8,348.55,349.7,348.25,3244368,1135641998.45,577.8,340.0,36076,INE749A01030,2022-06-15,2022-06-14T18:30:00.000Z,2023-01-23T13:41:29.829Z,2023-01-23T13:41:29.829Z,0,,350.03,15-Jun-2022,
63ce8e7a8e4da900077ae902,JINDALSTEL,EQ,N,358.7,346.65,350.05,348.25,348.85,350.45,5636271,1984675038.15,577.8,340.0,55464,INE749A01030,2022-06-14,2022-06-13T18:30:00.000Z,2023-01-23T13:41:14.776Z,2023-01-23T13:41:14.776Z,0,,352.13,14-Jun-2022,
63ce8e6bc943230007f874b6,JINDALSTEL,EQ,N,361.7,348.3,359.0,350.45,350.8,367.55,5172294,1830545730.15,577.8,340.0,62180,INE749A01030,2022-06-13,2022-06-12T18:30:00.000Z,2023-01-23T13:40:59.807Z,2023-01-23T13:40:59.807Z,0,,353.91,13-Jun-2022,
63ce8e5ceb800e0007026246,JINDALSTEL,EQ,N,369.3,357.4,365.0,367.55,366.5,369.55,6431099,2341399829.7,577.8,340.0,75211,INE749A01030,2022-06-10,2022-06-09T18:30:00.000Z,2023-01-23T13:40:44.557Z,2023-01-23T13:40:44.557Z,0,,364.07,10-Jun-2022,
63ce8e4d8e4da900077adf7e,JINDALSTEL,EQ,N,374.35,365.2,370.0,369.55,369.55,373.35,4095657,1512520137.05,577.8,340.0,41322,INE749A01030,2022-06-09,2022-06-08T18:30:00.000Z,2023-01-23T13:40:29.429Z,2023-01-23T13:40:29.429Z,0,,369.3,09-Jun-2022,
63ce8e3eea62a900077653ab,JINDALSTEL,EQ,N,377.5,365.8,366.0,373.35,372.55,365.25,7140120,2667458359.25,577.8,340.0,71595,INE749A01030,2022-06-08,2022-06-07T18:30:00.000Z,2023-01-23T13:40:14.612Z,2023-01-23T13:40:14.612Z,0,,373.59,08-Jun-2022,
63ce8e2f989df5000759d837,JINDALSTEL,EQ,N,371.55,360.6,368.0,365.25,364.35,370.1,5222981,1907970653.45,577.8,340.0,54764,INE749A01030,2022-06-07,2022-06-06T18:30:00.000Z,2023-01-23T13:39:59.506Z,2023-01-23T13:39:59.506Z,0,,365.3,07-Jun-2022,
63ce8e2062e219000737bc14,JINDALSTEL,EQ,N,370.95,355.2,361.0,370.1,370.3,363.5,7039354,2572342222.55,577.8,340.0,73770,INE749A01030,2022-06-06,2022-06-05T18:30:00.000Z,2023-01-23T13:39:44.111Z,2023-01-23T13:39:44.111Z,0,,365.42,06-Jun-2022,
63ce8e10ed0f3900079bd095,JINDALSTEL,EQ,N,383.1,361.9,381.0,363.5,363.45,377.4,8753176,3235224219.55,577.8,340.0,83127,INE749A01030,2022-06-03,2022-06-02T18:30:00.000Z,2023-01-23T13:39:28.921Z,2023-01-23T13:39:28.921Z,0,,369.61,03-Jun-2022,
63ce8e0262e219000737b272,JINDALSTEL,EQ,N,382.8,372.5,379.85,377.4,376.75,376.2,7648378,2881173555.25,577.8,340.0,83038,INE749A01030,2022-06-02,2022-06-01T18:30:00.000Z,2023-01-23T13:39:14.064Z,2023-01-23T13:39:14.064Z,0,,376.7,02-Jun-2022,
63ce8df3a6943c000749c375,JINDALSTEL,EQ,N,386.4,373.55,384.95,376.2,376.35,377.85,10235470,3886053782.75,577.8,340.0,94868,INE749A01030,2022-06-01,2022-05-31T18:30:00.000Z,2023-01-23T13:38:59.685Z,2023-01-23T13:38:59.685Z,0,,379.67,01-Jun-2022,
63ce8de45be31100068f1634,JINDALSTEL,EQ,N,392.8,373.75,381.1,377.85,378.95,386.95,65903602,25052438454.1,577.8,340.0,222567,INE749A01030,2022-05-31,2022-05-30T18:30:00.000Z,2023-01-23T13:38:44.307Z,2023-01-23T13:38:44.307Z,0,,380.14,31-May-2022,
63ce8dd4262b0c000763f3ce,JINDALSTEL,EQ,N,401.3,380.35,401.0,386.95,384.6,396.45,8629539,3397646639.35,577.8,340.0,122332,INE749A01030,2022-05-30,2022-05-29T18:30:00.000Z,2023-01-23T13:38:28.708Z,2023-01-23T13:38:28.708Z,0,,393.72,30-May-2022,
63ce8dc5262b0c000763e9f0,JINDALSTEL,EQ,N,401.6,388.9,400.0,396.45,398.0,394.25,7727787,3051288276.1,577.8,340.0,73345,INE749A01030,2022-05-27,2022-05-26T18:30:00.000Z,2023-01-23T13:38:13.573Z,2023-01-23T13:38:13.573Z,0,,394.85,27-May-2022,
63ce8db6c5be4000073665cb,JINDALSTEL,EQ,N,396.8,371.25,378.95,394.25,396.75,381.3,12425196,4797669018.45,577.8,340.0,125955,INE749A01030,2022-05-26,2022-05-25T18:30:00.000Z,2023-01-23T13:37:58.508Z,2023-01-23T13:37:58.508Z,0,,386.12,26-May-2022,
63ce8da8ed0f3900079bc643,JINDALSTEL,EQ,N,398.3,375.65,397.0,381.3,378.0,394.0,11445512,4404832441.4,577.8,340.0,147837,INE749A01030,2022-05-25,2022-05-24T18:30:00.000Z,2023-01-23T13:37:44.550Z,2023-01-23T13:37:44.550Z,0,,384.85,25-May-2022,
63ce8d98d0a9900007ad7bfa,JINDALSTEL,EQ,N,403.5,383.6,398.0,394.0,393.5,395.55,16039787,6311892991.7,577.8,340.0,203449,INE749A01030,2022-05-24,2022-05-23T18:30:00.000Z,2023-01-23T13:37:28.047Z,2023-01-23T13:37:28.047Z,0,,393.51,24-May-2022,
63ce8d89c7307c0007da34e0,JINDALSTEL,EQ,N,447.5,384.05,446.0,395.55,394.95,478.8,29084924,11749500891.6,577.8,340.0,351889,INE749A01030,2022-05-23,2022-05-22T18:30:00.000Z,2023-01-23T13:37:13.053Z,2023-01-23T13:37:13.053Z,0,,403.97,23-May-2022,
63ce8d79d0a9900007ad7240,JINDALSTEL,EQ,N,481.7,469.95,475.0,478.8,477.05,460.75,4452873,2119430351.0,577.8,340.0,62548,INE749A01030,2022-05-20,2022-05-19T18:30:00.000Z,2023-01-23T13:36:57.915Z,2023-01-23T13:36:57.915Z,0,,475.97,20-May-2022,
63ce8d6b5be31100068f0c2b,JINDALSTEL,EQ,N,472.9,452.6,470.0,460.75,459.2,482.3,7409602,3413588572.05,577.8,340.0,120175,INE749A01030,2022-05-19,2022-05-18T18:30:00.000Z,2023-01-23T13:36:43.481Z,2023-01-23T13:36:43.481Z,0,,460.7,19-May-2022,
63ce8d5bc943230007f86a66,JINDALSTEL,EQ,N,487.5,471.6,487.5,482.3,482.0,483.8,6788982,3253380456.55,577.8,340.0,104612,INE749A01030,2022-05-18,2022-05-17T18:30:00.000Z,2023-01-23T13:36:27.759Z,2023-01-23T13:36:27.759Z,0,,479.21,18-May-2022,
63ce8d4cf1500d00079a5e5c,JINDALSTEL,EQ,N,487.15,466.6,468.0,483.8,483.35,462.3,6556427,3143028471.4,577.8,340.0,86255,INE749A01030,2022-05-17,2022-05-16T18:30:00.000Z,2023-01-23T13:36:12.591Z,2023-01-23T13:36:12.591Z,0,,479.38,17-May-2022,
63ce8d3da34e360007d0fcdc,JINDALSTEL,EQ,N,471.2,452.15,455.95,462.3,465.1,453.55,5915386,2734474270.4,577.8,340.0,81669,INE749A01030,2022-05-16,2022-05-15T18:30:00.000Z,2023-01-23T13:35:57.508Z,2023-01-23T13:35:57.508Z,0,,462.26,16-May-2022,
63ce8d2ec7c0c80007dbc630,JINDALSTEL,EQ,N,481.5,450.95,469.0,453.55,452.45,461.1,8174027,3835426041.25,577.8,340.0,122471,INE749A01030,2022-05-13,2022-05-12T18:30:00.000Z,2023-01-23T13:35:42.983Z,2023-01-23T13:35:42.983Z,0,,469.22,13-May-2022,
63ce8d205be31100068f0081,JINDALSTEL,EQ,N,472.0,447.85,469.0,461.1,464.9,474.65,7443538,3398658052.7,577.8,340.0,127412,INE749A01030,2022-05-12,2022-05-11T18:30:00.000Z,2023-01-23T13:35:28.105Z,2023-01-23T13:35:28.105Z,0,,456.59,12-May-2022,
63ce8d10c8ca820007f89763,JINDALSTEL,EQ,N,479.35,458.45,463.0,474.65,475.85,464.3,9760025,4589631353.7,577.8,340.0,100948,INE749A01030,2022-05-11,2022-05-10T18:30:00.000Z,2023-01-23T13:35:12.448Z,2023-01-23T13:35:12.448Z,0,,470.25,11-May-2022,
63ce8d01262b0c000763e07d,JINDALSTEL,EQ,N,497.5,460.5,494.05,464.3,460.5,497.0,6580359,3149074249.25,577.8,340.0,93792,INE749A01030,2022-05-10,2022-05-09T18:30:00.000Z,2023-01-23T13:34:57.216Z,2023-01-23T13:34:57.216Z,0,,478.56,10-May-2022,
63ce8cf2bca9320007ebf6d9,JINDALSTEL,EQ,N,501.9,488.75,492.5,497.0,496.0,503.8,4390524,2173331781.0,577.8,340.0,65296,INE749A01030,2022-05-09,2022-05-08T18:30:00.000Z,2023-01-23T13:34:42.251Z,2023-01-23T13:34:42.251Z,0,,495.01,09-May-2022,
63ce8ce2bca9320007ebed2d,JINDALSTEL,EQ,N,516.0,498.0,513.0,503.8,506.6,523.25,4617742,2332637179.9,577.8,340.0,72832,INE749A01030,2022-05-06,2022-05-05T18:30:00.000Z,2023-01-23T13:34:26.857Z,2023-01-23T13:34:26.857Z,0,,505.15,06-May-2022,
63ce8cd4c7c0c80007dbbcaa,JINDALSTEL,EQ,N,536.35,521.4,526.5,523.25,522.0,520.35,4550796,2408664787.95,577.8,340.0,55780,INE749A01030,2022-05-05,2022-05-04T18:30:00.000Z,2023-01-23T13:34:12.230Z,2023-01-23T13:34:12.230Z,0,,529.28,05-May-2022,
63ce8cc5989df5000759ce29,JINDALSTEL,EQ,N,540.0,517.3,537.7,520.35,520.8,532.85,4177538,2213770306.2,577.8,340.0,63153,INE749A01030,2022-05-04,2022-05-03T18:30:00.000Z,2023-01-23T13:33:57.052Z,2023-01-23T13:33:57.052Z,0,,529.92,04-May-2022,
6448f358e2935000075949a9,JINDALSTEL,EQ,N,539.4,520.25,532.05,532.85,533.15,540.05,3966334,2098212978.3,577.8,340.0,48668,INE749A01030,2022-05-02,2022-05-01T18:30:00.000Z,2023-04-26T09:48:08.437Z,2023-04-26T09:48:08.437Z,0,,529.01,02-May-2022,
63fddaeeb13cfa000716fdac,JINDALSTEL,EQ,N,551.95,538.15,546.9,540.05,540.8,545.3,4427011,2416082888.35,577.8,340.0,54693,INE749A01030,2022-04-29,2022-04-28T18:30:00.000Z,2023-02-28T10:43:58.606Z,2023-02-28T10:43:58.606Z,0,,545.76,29-Apr-2022,
63ce8c97c5be4000073659ab,JINDALSTEL,EQ,N,549.15,536.05,544.95,545.3,547.0,539.85,7231399,3920971517.3,577.8,340.0,80408,INE749A01030,2022-04-28,2022-04-27T18:30:00.000Z,2023-01-23T13:33:11.303Z,2023-01-23T13:33:11.303Z,0,,542.21,28-Apr-2022,
63ce8c88c7c0c80007dba66c,JINDALSTEL,EQ,N,542.0,518.5,522.05,539.85,540.5,525.15,6986381,3719013532.9,577.8,340.0,92676,INE749A01030,2022-04-27,2022-04-26T18:30:00.000Z,2023-01-23T13:32:56.016Z,2023-01-23T13:32:56.016Z,0,,532.32,27-Apr-2022,
63ce8c78989df5000759c3bb,JINDALSTEL,EQ,N,534.5,523.05,531.25,525.15,524.45,526.2,5144109,2716405350.7,577.8,340.0,68558,INE749A01030,2022-04-26,2022-04-25T18:30:00.000Z,2023-01-23T13:32:40.865Z,2023-01-23T13:32:40.865Z,0,,528.06,26-Apr-2022,
63ce8c69c943230007f860ae,JINDALSTEL,EQ,N,529.65,514.0,529.0,526.2,526.0,537.85,6834922,3571752493.75,577.8,340.0,81226,INE749A01030,2022-04-25,2022-04-24T18:30:00.000Z,2023-01-23T13:32:25.842Z,2023-01-23T13:32:25.842Z,0,,522.57,25-Apr-2022,
63ce8c5ac7307c0007da2a78,JINDALSTEL,EQ,N,542.65,533.0,538.0,537.85,539.5,540.75,4747073,2553826626.4,577.8,340.0,71681,INE749A01030,2022-04-22,2022-04-21T18:30:00.000Z,2023-01-23T13:32:10.728Z,2023-01-23T13:32:10.728Z,0,,537.98,22-Apr-2022,
63ce8c4aa6943c000749b591,JINDALSTEL,EQ,N,560.0,523.35,560.0,540.75,541.7,556.95,14755221,7934337826.35,577.8,340.0,159153,INE749A01030,2022-04-21,2022-04-20T18:30:00.000Z,2023-01-23T13:31:54.087Z,2023-01-23T13:31:54.087Z,0,,537.73,21-Apr-2022,
63ce8c38ea62a90007764760,JINDALSTEL,EQ,N,563.25,549.75,556.0,556.95,558.2,553.75,4782655,2659325949.55,577.8,340.0,78836,INE749A01030,2022-04-20,2022-04-19T18:30:00.000Z,2023-01-23T13:31:36.535Z,2023-01-23T13:31:36.535Z,0,,556.04,20-Apr-2022,
63ce8c29ea62a90007763d93,JINDALSTEL,EQ,N,569.9,545.7,558.85,553.75,546.85,553.05,5597174,3149896984.0,577.8,340.0,86429,INE749A01030,2022-04-19,2022-04-18T18:30:00.000Z,2023-01-23T13:31:21.359Z,2023-01-23T13:31:21.359Z,0,,562.77,19-Apr-2022,
63ce8c1aa34e360007d0eeba,JINDALSTEL,EQ,N,558.25,543.25,550.0,553.05,554.9,552.4,4799385,2644541373.4,577.8,340.0,74927,INE749A01030,2022-04-18,2022-04-17T18:30:00.000Z,2023-01-23T13:31:06.300Z,2023-01-23T13:31:06.300Z,0,,551.02,18-Apr-2022,
63ce8c0bc943230007f856e2,JINDALSTEL,EQ,N,567.7,550.0,560.3,552.4,551.5,558.25,5289646,2954297164.7,577.8,340.0,70974,INE749A01030,2022-04-13,2022-04-12T18:30:00.000Z,2023-01-23T13:30:51.362Z,2023-01-23T13:30:51.362Z,0,,558.51,13-Apr-2022,
63ce8bfcea62a900077633f5,JINDALSTEL,EQ,N,570.6,545.5,568.95,558.25,557.5,571.2,6939835,3858547183.0,577.8,340.0,91845,INE749A01030,2022-04-12,2022-04-11T18:30:00.000Z,2023-01-23T13:30:36.307Z,2023-01-23T13:30:36.307Z,0,,556.0,12-Apr-2022,
63ce8bedf1500d00079a51e8,JINDALSTEL,EQ,N,577.8,564.45,566.9,571.2,569.0,562.8,6909601,3955704369.65,577.8,340.0,159198,INE749A01030,2022-04-11,2022-04-10T18:30:00.000Z,2023-01-23T13:30:21.368Z,2023-01-23T13:30:21.368Z,0,,572.49,11-Apr-2022,
63ce8bddea62a90007762a19,JINDALSTEL,EQ,N,569.5,550.5,552.45,562.8,563.6,549.9,6645250,3722953189.35,569.5,340.0,74414,INE749A01030,2022-04-08,2022-04-07T18:30:00.000Z,2023-01-23T13:30:05.609Z,2023-01-23T13:30:05.609Z,0,,560.24,08-Apr-2022,
63ce8bcec7307c0007da207b,JINDALSTEL,EQ,N,566.0,548.05,565.0,549.9,550.5,561.15,6844088,3809956417.15,566.0,340.0,86395,INE749A01030,2022-04-07,2022-04-06T18:30:00.000Z,2023-01-23T13:29:50.340Z,2023-01-23T13:29:50.340Z,0,,556.68,07-Apr-2022,
63ce8bbff1500d00079a476e,JINDALSTEL,EQ,N,563.95,540.0,540.0,561.15,561.8,545.85,7073542,3927668880.85,563.95,340.0,112912,INE749A01030,2022-04-06,2022-04-05T18:30:00.000Z,2023-01-23T13:29:35.749Z,2023-01-23T13:29:35.749Z,0,,555.26,06-Apr-2022,
63ce8baf3920dc000743abf7,JINDALSTEL,EQ,N,557.85,544.05,551.95,545.85,545.1,547.45,8880806,4900750438.55,557.85,340.0,117587,INE749A01030,2022-04-05,2022-04-04T18:30:00.000Z,2023-01-23T13:29:19.854Z,2023-01-23T13:29:19.854Z,0,,551.84,05-Apr-2022,
63ce8ba0ed0f3900079bb939,JINDALSTEL,EQ,N,550.65,531.25,531.25,547.45,545.25,530.85,7806545,4234560418.65,550.65,340.0,107612,INE749A01030,2022-04-04,2022-04-03T18:30:00.000Z,2023-01-23T13:29:04.881Z,2023-01-23T13:29:04.881Z,0,,542.44,04-Apr-2022,
63ce8b91c8ca820007f8897b,JINDALSTEL,EQ,N,537.8,526.2,534.0,530.85,530.35,532.85,7134107,3790659035.7,544.4,328.2,84785,INE749A01030,2022-04-01,2022-03-31T18:30:00.000Z,2023-01-23T13:28:49.412Z,2023-01-23T13:28:49.412Z,0,,531.34,01-Apr-2022,
63ce8b828e4da900077ac995,JINDALSTEL,EQ,N,544.4,518.45,521.0,532.85,530.3,519.85,18778369,10034844113.45,544.4,328.2,137672,INE749A01030,2022-03-31,2022-03-30T18:30:00.000Z,2023-01-23T13:28:34.535Z,2023-01-23T13:28:34.535Z,0,,534.38,31-Mar-2022,
63ce8b73d0a9900007ad6339,JINDALSTEL,EQ,N,536.6,515.9,536.0,519.85,518.95,535.05,16990894,8900313884.55,540.55,328.2,159786,INE749A01030,2022-03-30,2022-03-29T18:30:00.000Z,2023-01-23T13:28:19.327Z,2023-01-23T13:28:19.327Z,0,,523.83,30-Mar-2022,
63ce8b64262b0c000763d36a,JINDALSTEL,EQ,N,540.55,518.6,522.05,535.05,535.95,519.8,8356494,4420306108.35,540.55,328.2,98198,INE749A01030,2022-03-29,2022-03-28T18:30:00.000Z,2023-01-23T13:28:04.413Z,2023-01-23T13:28:04.413Z,0,,528.97,29-Mar-2022,
63ce8b56a6943c000749ac12,JINDALSTEL,EQ,N,532.8,513.85,529.2,519.8,519.55,529.65,7807323,4069283459.95,536.0,328.2,117474,INE749A01030,2022-03-28,2022-03-27T18:30:00.000Z,2023-01-23T13:27:50.041Z,2023-01-23T13:27:50.041Z,0,,521.21,28-Mar-2022,
63ce8b465be31100068ef592,JINDALSTEL,EQ,N,536.0,523.0,527.7,529.65,531.2,521.65,9882557,5234466662.75,536.0,297.25,127318,INE749A01030,2022-03-25,2022-03-24T18:30:00.000Z,2023-01-23T13:27:34.039Z,2023-01-23T13:27:34.039Z,0,,529.67,25-Mar-2022,
63ce8b36a34e360007d0e50a,JINDALSTEL,EQ,N,529.35,510.8,511.7,521.65,522.45,510.8,10208046,5329741813.35,529.35,297.25,143754,INE749A01030,2022-03-24,2022-03-23T18:30:00.000Z,2023-01-23T13:27:18.990Z,2023-01-23T13:27:18.990Z,0,,522.11,24-Mar-2022,
63ce8b28c943230007f84d37,JINDALSTEL,EQ,N,514.35,485.6,498.7,510.8,510.3,493.1,13325630,6681759071.7,514.35,297.25,155111,INE749A01030,2022-03-23,2022-03-22T18:30:00.000Z,2023-01-23T13:27:04.754Z,2023-01-23T13:27:04.754Z,0,,501.42,23-Mar-2022,
63ce8b18262b0c000763c9df,JINDALSTEL,EQ,N,497.75,483.0,489.45,493.1,493.15,487.6,5845218,2872428254.05,501.7,297.25,76002,INE749A01030,2022-03-22,2022-03-21T18:30:00.000Z,2023-01-23T13:26:48.917Z,2023-01-23T13:26:48.917Z,0,,491.42,22-Mar-2022,
63ce8b09ed0f3900079baf69,JINDALSTEL,EQ,N,494.75,480.65,484.95,487.6,487.0,477.15,7437561,3641255054.3,501.7,297.25,88509,INE749A01030,2022-03-21,2022-03-20T18:30:00.000Z,2023-01-23T13:26:33.691Z,2023-01-23T13:26:33.691Z,0,,489.58,21-Mar-2022,
63ce8afa3920dc000743a266,JINDALSTEL,EQ,N,486.6,470.0,473.0,477.15,476.2,465.1,7937854,3797789600.7,501.7,296.7,84743,INE749A01030,2022-03-17,2022-03-16T18:30:00.000Z,2023-01-23T13:26:18.595Z,2023-01-23T13:26:18.595Z,0,,478.44,17-Mar-2022,
63ce8aeb989df5000759b35f,JINDALSTEL,EQ,N,471.9,454.1,456.5,465.1,466.55,452.5,7602106,3526215991.45,501.7,296.7,75555,INE749A01030,2022-03-16,2022-03-15T18:30:00.000Z,2023-01-23T13:26:03.379Z,2023-01-23T13:26:03.379Z,0,,463.85,16-Mar-2022,"[{'symbol': 'JINDALSTEL', 'series': 'EQ', 'ind': '-', 'faceVal': '1', 'subject': 'Interim Dividend - Re 1 Per Share', 'exDate': '16-Mar-2022', 'recDate': '19-Mar-2022', 'bcStartDate': '-', 'bcEndDate': '-', 'ndStartDate': '-', 'comp': 'JINDAL STEEL LIMITED', 'isin': 'INE749A01030', 'ndEndDate': '-', 'caBroadcastDate': None}]"
63ce8adca6943c000749a27e,JINDALSTEL,EQ,N,474.3,445.8,472.5,452.5,452.2,476.35,8631742,3943800060.35,501.7,296.7,127133,INE749A01030,2022-03-15,2022-03-14T18:30:00.000Z,2023-01-23T13:25:48.237Z,2023-01-23T13:25:48.237Z,0,,456.9,15-Mar-2022,
63ce8acdf1500d00079a3b61,JINDALSTEL,EQ,N,485.7,470.55,484.5,476.35,476.0,479.25,6558924,3124965233.05,501.7,296.7,76100,INE749A01030,2022-03-14,2022-03-13T18:30:00.000Z,2023-01-23T13:25:33.103Z,2023-01-23T13:25:33.103Z,0,,476.44,14-Mar-2022,
63ce8abe989df5000759aa01,JINDALSTEL,EQ,N,481.6,465.0,466.0,479.25,478.2,467.8,11870331,5623656345.35,501.7,296.7,122638,INE749A01030,2022-03-11,2022-03-10T18:30:00.000Z,2023-01-23T13:25:18.147Z,2023-01-23T13:25:18.147Z,0,,473.76,11-Mar-2022,
63ce8aae3920dc00074398de,JINDALSTEL,EQ,N,470.85,439.9,452.0,467.8,468.3,449.75,11549021,5262390321.65,501.7,296.7,112124,INE749A01030,2022-03-10,2022-03-09T18:30:00.000Z,2023-01-23T13:25:02.921Z,2023-01-23T13:25:02.921Z,0,,455.66,10-Mar-2022,
63ce8a9ff1500d00079a31e6,JINDALSTEL,EQ,N,459.2,437.0,445.0,449.75,448.15,442.0,6811358,3050339860.65,501.7,296.7,74093,INE749A01030,2022-03-09,2022-03-08T18:30:00.000Z,2023-01-23T13:24:47.822Z,2023-01-23T13:24:47.822Z,0,,447.83,09-Mar-2022,
63ce8a90ea62a90007761d67,JINDALSTEL,EQ,N,445.0,426.2,443.85,442.0,442.0,443.85,7848374,3414196309.25,501.7,296.7,82253,INE749A01030,2022-03-08,2022-03-07T18:30:00.000Z,2023-01-23T13:24:32.900Z,2023-01-23T13:24:32.900Z,0,,435.02,08-Mar-2022,
63ce8a81c7307c0007da164e,JINDALSTEL,EQ,N,446.95,429.15,435.75,443.85,441.6,435.75,9816426,4312230141.65,501.7,296.7,107230,INE749A01030,2022-03-07,2022-03-06T18:30:00.000Z,2023-01-23T13:24:17.668Z,2023-01-23T13:24:17.668Z,0,,439.29,07-Mar-2022,
63ce8a72c8ca820007f87ea4,JINDALSTEL,EQ,N,452.8,426.2,447.1,435.75,438.3,445.1,10981256,4808188962.2,501.7,296.7,111256,INE749A01030,2022-03-04,2022-03-03T18:30:00.000Z,2023-01-23T13:24:02.951Z,2023-01-23T13:24:02.951Z,0,,437.85,04-Mar-2022,
63ce8a633920dc0007438f27,JINDALSTEL,EQ,N,462.7,443.0,450.0,445.1,445.15,444.15,9613194,4316951164.4,501.7,296.7,85846,INE749A01030,2022-03-03,2022-03-02T18:30:00.000Z,2023-01-23T13:23:47.395Z,2023-01-23T13:23:47.395Z,0,,449.07,03-Mar-2022,
63ce8a54c5be400007364c5e,JINDALSTEL,EQ,N,452.25,420.75,422.0,444.15,443.7,424.85,13939790,6208020853.7,501.7,296.7,140809,INE749A01030,2022-03-02,2022-03-01T18:30:00.000Z,2023-01-23T13:23:32.645Z,2023-01-23T13:23:32.645Z,0,,445.35,02-Mar-2022,
63ce8a453920dc000743854a,JINDALSTEL,EQ,N,426.4,392.1,394.0,424.85,423.65,399.75,12206595,5089725256.7,501.7,296.7,111391,INE749A01030,2022-02-28,2022-02-27T18:30:00.000Z,2023-01-23T13:23:17.207Z,2023-01-23T13:23:17.207Z,0,,416.97,28-Feb-2022,
63ce8a36ea62a90007760f8f,JINDALSTEL,EQ,N,405.95,375.25,383.45,399.75,398.7,369.8,9564373,3803086549.8,501.7,296.7,81664,INE749A01030,2022-02-25,2022-02-24T18:30:00.000Z,2023-01-23T13:23:02.219Z,2023-01-23T13:23:02.219Z,0,,397.63,25-Feb-2022,
63ce8a2662e219000737a7e0,JINDALSTEL,EQ,N,395.45,367.75,387.0,369.8,370.2,403.0,9146123,3492311004.25,501.7,296.7,86782,INE749A01030,2022-02-24,2022-02-23T18:30:00.000Z,2023-01-23T13:22:46.965Z,2023-01-23T13:22:46.965Z,0,,381.84,24-Feb-2022,
63ce8a17c5be40000736428c,JINDALSTEL,EQ,N,411.95,400.65,410.95,403.0,402.0,406.45,4344345,1765046077.55,501.7,296.7,40579,INE749A01030,2022-02-23,2022-02-22T18:30:00.000Z,2023-01-23T13:22:31.873Z,2023-01-23T13:22:31.873Z,0,,406.29,23-Feb-2022,
63ce8a08f1500d00079a2887,JINDALSTEL,EQ,N,410.8,395.7,405.5,406.45,405.0,415.15,7263740,2940440232.4,501.7,296.7,68246,INE749A01030,2022-02-22,2022-02-21T18:30:00.000Z,2023-01-23T13:22:16.813Z,2023-01-23T13:22:16.813Z,0,,404.81,22-Feb-2022,
63ce89f93920dc0007437bc0,JINDALSTEL,EQ,N,423.65,409.0,410.05,415.15,414.5,413.15,6047365,2518122931.05,501.7,296.7,57412,INE749A01030,2022-02-21,2022-02-20T18:30:00.000Z,2023-01-23T13:22:01.605Z,2023-01-23T13:22:01.605Z,0,,416.4,21-Feb-2022,
63ce89ead0a9900007ad522b,JINDALSTEL,EQ,N,420.75,411.4,412.15,413.15,413.0,415.4,3632694,1513515513.4,501.7,296.7,36716,INE749A01030,2022-02-18,2022-02-17T18:30:00.000Z,2023-01-23T13:21:46.322Z,2023-01-23T13:21:46.322Z,0,,416.64,18-Feb-2022,
63ce89dbeb800e0007024e2d,JINDALSTEL,EQ,N,421.6,409.3,416.05,415.4,415.5,413.95,4835093,2012310938.95,501.7,296.7,47314,INE749A01030,2022-02-17,2022-02-16T18:30:00.000Z,2023-01-23T13:21:31.348Z,2023-01-23T13:21:31.348Z,0,,416.19,17-Feb-2022,
63ce89ccc7307c0007da0ccb,JINDALSTEL,EQ,N,420.55,412.3,418.9,413.95,414.0,415.7,5635279,2343120760.35,501.7,296.7,51994,INE749A01030,2022-02-16,2022-02-15T18:30:00.000Z,2023-01-23T13:21:16.245Z,2023-01-23T13:21:16.245Z,0,,415.79,16-Feb-2022,
63ce89bded0f3900079ba2a7,JINDALSTEL,EQ,N,417.6,393.0,409.7,415.7,415.0,407.65,11225764,4536852022.3,501.7,296.7,114264,INE749A01030,2022-02-15,2022-02-14T18:30:00.000Z,2023-01-23T13:21:01.134Z,2023-01-23T13:21:01.134Z,0,,404.15,15-Feb-2022,
63ce89add0a9900007ad489c,JINDALSTEL,EQ,N,429.0,402.5,422.35,407.65,404.9,436.4,8907990,3708013288.2,501.7,296.7,83360,INE749A01030,2022-02-14,2022-02-13T18:30:00.000Z,2023-01-23T13:20:45.961Z,2023-01-23T13:20:45.961Z,0,,416.26,14-Feb-2022,
63ce899ef1500d00079a1f1e,JINDALSTEL,EQ,N,444.8,433.8,435.95,436.4,435.5,440.9,9998336,4392823788.55,501.7,296.7,97311,INE749A01030,2022-02-11,2022-02-10T18:30:00.000Z,2023-01-23T13:20:30.889Z,2023-01-23T13:20:30.889Z,0,,439.36,11-Feb-2022,
63ce898feb800e00070244db,JINDALSTEL,EQ,N,442.1,418.0,418.0,440.9,439.9,416.5,16483464,7184484185.25,501.7,296.7,186625,INE749A01030,2022-02-10,2022-02-09T18:30:00.000Z,2023-01-23T13:20:15.691Z,2023-01-23T13:20:15.691Z,0,,435.86,10-Feb-2022,
63ce8980f1500d00079a15b8,JINDALSTEL,EQ,N,418.95,401.25,409.7,416.5,416.0,422.3,11868324,4870824028.7,501.7,296.7,102102,INE749A01030,2022-02-09,2022-02-08T18:30:00.000Z,2023-01-23T13:20:00.575Z,2023-01-23T13:20:00.575Z,0,,410.41,09-Feb-2022,
63ce8972a34e360007d0da1a,JINDALSTEL,EQ,N,429.4,410.5,424.0,422.3,421.0,421.55,7882733,3307084192.9,501.7,296.7,80927,INE749A01030,2022-02-08,2022-02-07T18:30:00.000Z,2023-01-23T13:19:46.251Z,2023-01-23T13:19:46.251Z,0,,419.54,08-Feb-2022,
63ce8962ea62a900077603bc,JINDALSTEL,EQ,N,434.3,419.75,426.0,421.55,422.2,424.4,6533398,2790140235.35,501.7,296.7,70463,INE749A01030,2022-02-07,2022-02-06T18:30:00.000Z,2023-01-23T13:19:30.597Z,2023-01-23T13:19:30.597Z,0,,427.06,07-Feb-2022,
63ce8953c7307c0007da030d,JINDALSTEL,EQ,N,431.5,417.75,418.7,424.4,424.3,417.5,7140522,3047099609.3,501.7,257.15,77462,INE749A01030,2022-02-04,2022-02-03T18:30:00.000Z,2023-01-23T13:19:15.256Z,2023-01-23T13:19:15.256Z,0,,426.73,04-Feb-2022,
63ce8944d0a9900007ad3f0c,JINDALSTEL,EQ,N,425.75,413.3,413.6,417.5,417.0,416.9,6623741,2790575864.5,501.7,257.15,65774,INE749A01030,2022-02-03,2022-02-02T18:30:00.000Z,2023-01-23T13:19:00.055Z,2023-01-23T13:19:00.055Z,0,,421.3,03-Feb-2022,
63ce89343853d8000737e5b5,JINDALSTEL,EQ,N,418.5,406.9,414.0,416.9,417.0,411.15,5440855,2248680664.45,501.7,257.15,54904,INE749A01030,2022-02-02,2022-02-01T18:30:00.000Z,2023-01-23T13:18:44.997Z,2023-01-23T13:18:44.997Z,0,,413.3,02-Feb-2022,
63ce8925ed0f3900079b9796,JINDALSTEL,EQ,N,413.7,386.0,389.7,411.15,410.2,386.0,10377270,4153712686.85,501.7,257.15,90232,INE749A01030,2022-02-01,2022-01-31T18:30:00.000Z,2023-01-23T13:18:29.922Z,2023-01-23T13:18:29.922Z,0,,400.27,01-Feb-2022,
63ce8916bca9320007ebd91b,JINDALSTEL,EQ,N,390.55,382.65,388.85,386.0,385.8,382.6,4610487,1784513954.5,501.7,257.15,49601,INE749A01030,2022-01-31,2022-01-30T18:30:00.000Z,2023-01-23T13:18:14.933Z,2023-01-23T13:18:14.933Z,0,,387.06,31-Jan-2022,
63ce8907c7307c0007d9f96f,JINDALSTEL,EQ,N,396.75,380.0,380.0,382.6,382.5,375.5,6025485,2342097571.1,501.7,257.15,60577,INE749A01030,2022-01-28,2022-01-27T18:30:00.000Z,2023-01-23T13:17:59.805Z,2023-01-23T13:17:59.805Z,0,,388.7,28-Jan-2022,
63ce88f8c7307c0007d9efd4,JINDALSTEL,EQ,N,378.45,361.15,370.0,375.5,375.0,376.55,6635808,2453947578.75,501.7,257.15,81545,INE749A01030,2022-01-27,2022-01-26T18:30:00.000Z,2023-01-23T13:17:44.556Z,2023-01-23T13:17:44.556Z,0,,369.8,27-Jan-2022,
63ce88e9c5be400007363715,JINDALSTEL,EQ,N,383.35,371.3,377.0,376.55,374.8,376.95,5563162,2099792511.7,501.7,257.15,73088,INE749A01030,2022-01-25,2022-01-24T18:30:00.000Z,2023-01-23T13:17:29.476Z,2023-01-23T13:17:29.476Z,0,,377.45,25-Jan-2022,
63ce88dac943230007f8425e,JINDALSTEL,EQ,N,402.65,370.65,402.0,376.95,377.3,405.15,8097592,3115055691.8,501.7,257.15,84519,INE749A01030,2022-01-24,2022-01-23T18:30:00.000Z,2023-01-23T13:17:14.336Z,2023-01-23T13:17:14.336Z,0,,384.69,24-Jan-2022,
63ce88cbc7307c0007d9e657,JINDALSTEL,EQ,N,417.4,401.0,414.0,405.15,406.45,418.2,6469700,2638992016.8,501.7,257.15,67780,INE749A01030,2022-01-21,2022-01-20T18:30:00.000Z,2023-01-23T13:16:59.158Z,2023-01-23T13:16:59.158Z,0,,407.9,21-Jan-2022,
63ce88bb3853d8000737dbfc,JINDALSTEL,EQ,N,420.6,407.85,411.45,418.2,419.05,409.0,5606748,2331122797.5,501.7,257.15,58992,INE749A01030,2022-01-20,2022-01-19T18:30:00.000Z,2023-01-23T13:16:43.895Z,2023-01-23T13:16:43.895Z,0,,415.77,20-Jan-2022,
63ce88ac8e4da900077ab985,JINDALSTEL,EQ,N,413.6,398.35,402.5,409.0,408.65,402.4,6338539,2572011047.25,501.7,257.15,58206,INE749A01030,2022-01-19,2022-01-18T18:30:00.000Z,2023-01-23T13:16:28.818Z,2023-01-23T13:16:28.818Z,0,,405.77,19-Jan-2022,
63ce889d3853d8000737d1da,JINDALSTEL,EQ,N,421.65,400.5,420.0,402.4,402.5,418.65,5251367,2157868696.7,501.7,257.15,53134,INE749A01030,2022-01-18,2022-01-17T18:30:00.000Z,2023-01-23T13:16:13.508Z,2023-01-23T13:16:13.508Z,0,,410.92,18-Jan-2022,
63ce888ec7c0c80007db909f,JINDALSTEL,EQ,N,423.6,414.55,420.0,418.65,418.9,418.65,5629017,2358774739.55,501.7,257.15,78232,INE749A01030,2022-01-17,2022-01-16T18:30:00.000Z,2023-01-23T13:15:58.292Z,2023-01-23T13:15:58.292Z,0,,419.04,17-Jan-2022,
63ce887fc7307c0007d9dc72,JINDALSTEL,EQ,N,421.4,408.6,411.0,418.65,417.6,413.2,6714395,2800413078.85,501.7,257.15,71581,INE749A01030,2022-01-14,2022-01-13T18:30:00.000Z,2023-01-23T13:15:43.232Z,2023-01-23T13:15:43.232Z,0,,417.08,14-Jan-2022,
63ce8870a6943c0007498c42,JINDALSTEL,EQ,N,414.5,391.15,391.5,413.2,411.7,390.4,12631114,5160942102.55,501.7,257.15,112672,INE749A01030,2022-01-13,2022-01-12T18:30:00.000Z,2023-01-23T13:15:28.124Z,2023-01-23T13:15:28.124Z,0,,408.59,13-Jan-2022,
63ce8860c943230007f83884,JINDALSTEL,EQ,N,394.6,386.55,387.0,390.4,390.1,383.95,3823504,1490748326.8,501.7,257.15,49956,INE749A01030,2022-01-12,2022-01-11T18:30:00.000Z,2023-01-23T13:15:12.843Z,2023-01-23T13:15:12.843Z,0,,389.89,12-Jan-2022,
63ce8851a6943c000749823d,JINDALSTEL,EQ,N,403.7,382.6,400.0,383.95,384.8,404.3,8641956,3372998648.9,501.7,257.15,85676,INE749A01030,2022-01-11,2022-01-10T18:30:00.000Z,2023-01-23T13:14:57.701Z,2023-01-23T13:14:57.701Z,0,,390.31,11-Jan-2022,
63ce8842c7307c0007d9d0e5,JINDALSTEL,EQ,N,410.6,402.85,410.4,404.3,404.5,406.6,3564673,1448607276.9,501.7,257.15,35972,INE749A01030,2022-01-10,2022-01-09T18:30:00.000Z,2023-01-23T13:14:42.719Z,2023-01-23T13:14:42.719Z,0,,406.38,10-Jan-2022,
63ce88333920dc0007437229,JINDALSTEL,EQ,N,408.75,399.6,406.9,406.6,405.8,402.9,3868930,1568167960.85,501.7,257.15,42548,INE749A01030,2022-01-07,2022-01-06T18:30:00.000Z,2023-01-23T13:14:27.609Z,2023-01-23T13:14:27.609Z,0,,405.32,07-Jan-2022,
63ce882462e2190007379a73,JINDALSTEL,EQ,N,411.1,400.3,404.0,402.9,403.45,406.4,5791462,2343348236.85,501.7,257.15,65089,INE749A01030,2022-01-06,2022-01-05T18:30:00.000Z,2023-01-23T13:14:12.491Z,2023-01-23T13:14:12.491Z,0,,404.62,06-Jan-2022,
63ce8815c7c0c80007db833c,JINDALSTEL,EQ,N,408.45,386.25,388.0,406.4,406.1,388.2,9891594,3955479841.1,501.7,257.15,86726,INE749A01030,2022-01-05,2022-01-04T18:30:00.000Z,2023-01-23T13:13:57.202Z,2023-01-23T13:13:57.202Z,0,,399.88,05-Jan-2022,
63ce8806c8ca820007f8739c,JINDALSTEL,EQ,N,390.45,382.0,388.05,388.2,387.2,385.85,3847048,1489550454.35,501.7,257.15,40730,INE749A01030,2022-01-04,2022-01-03T18:30:00.000Z,2023-01-23T13:13:42.142Z,2023-01-23T13:13:42.142Z,0,,387.19,04-Jan-2022,
63ce87f7c7c0c80007db797c,JINDALSTEL,EQ,N,387.4,377.05,379.25,385.85,386.5,377.25,2331615,892094859.8,501.7,257.15,22983,INE749A01030,2022-01-03,2022-01-02T18:30:00.000Z,2023-01-23T13:13:27.368Z,2023-01-23T13:13:27.368Z,0,,382.61,03-Jan-2022,
