_id,CH_SYMBOL,CH_SERIES,CH_MARKET_TYPE,CH_TIMESTAMP,TIMESTAMP,CH_TRADE_HIGH_PRICE,CH_TRADE_LOW_PRICE,CH_OPENING_PRICE,CH_CLOSING_PRICE,CH_LAST_TRADED_PRICE,CH_PREVIOUS_CLS_PRICE,CH_TOT_TRADED_QTY,CH_TOT_TRADED_VAL,CH_52WEEK_HIGH_PRICE,CH_52WEEK_LOW_PRICE,CH_TOTAL_TRADES,CH_ISIN,createdAt,updatedAt,__v,SLBMH_TOT_VAL,VWAP,mTIMESTAMP,CA
6773dcffc3d8efb79b6926d3,BSE,EQ,N,2024-12-31,2024-12-30T18:30:00.000Z,5350.0,5215.4,5308.0,5325.4,5328.0,5308.5,902246,4774576378.4,5837.95,1941.05,78535,INE118H01025,2024-12-31T12:01:03.300Z,2024-12-31T12:01:03.300Z,0,,5291.88,31-Dec-2024,
67728b7f3592730a18a5976a,BSE,EQ,N,2024-12-30,2024-12-29T18:30:00.000Z,5368.0,5221.55,5250.0,5308.5,5329.0,5278.5,1958051,10382194469.1,5837.95,1941.05,129084,INE118H01025,2024-12-30T12:01:03.431Z,2024-12-30T12:01:03.431Z,0,,5302.31,30-Dec-2024,
676e96de9d250c1c5727ff92,BSE,EQ,N,2024-12-27,2024-12-26T18:30:00.000Z,5491.6,5257.15,5473.5,5278.5,5277.6,5442.35,1005333,5372075997.05,5837.95,1941.05,104659,INE118H01025,2024-12-27T12:00:30.035Z,2024-12-27T12:00:30.035Z,0,,5343.58,27-Dec-2024,
676d457f8d87f25407c7249e,BSE,EQ,N,2024-12-26,2024-12-25T18:30:00.000Z,5476.85,5357.3,5449.0,5442.35,5437.8,5449.6,856359,4635138047.4,5837.95,1941.05,81021,INE118H01025,2024-12-26T12:01:03.008Z,2024-12-26T12:01:03.008Z,0,,5412.61,26-Dec-2024,
676aa25b860a445c03ce24d9,BSE,EQ,N,2024-12-24,2024-12-23T18:30:00.000Z,5565.0,5421.9,5557.95,5449.6,5441.0,5548.3,971752,5319150434.35,5837.95,1941.05,95940,INE118H01025,2024-12-24T12:00:27.797Z,2024-12-24T12:00:27.797Z,0,,5473.77,24-Dec-2024,
676950ffd102eff4ef7dc6f1,BSE,EQ,N,2024-12-23,2024-12-22T18:30:00.000Z,5644.0,5425.0,5600.0,5548.3,5545.0,5542.85,1478368,8190949690.0,5837.95,1941.05,138817,INE118H01025,2024-12-23T12:01:03.656Z,2024-12-23T12:01:03.656Z,0,,5540.54,23-Dec-2024,
67655c7f8a68cdbf78107739,BSE,EQ,N,2024-12-20,2024-12-19T18:30:00.000Z,5837.95,5512.25,5821.0,5542.85,5558.45,5791.45,1617281,9158466054.55,5837.95,1941.05,143335,INE118H01025,2024-12-20T12:01:03.545Z,2024-12-20T12:01:03.545Z,0,,5662.88,20-Dec-2024,
67640aff0fa404e90897f828,BSE,EQ,N,2024-12-19,2024-12-18T18:30:00.000Z,5802.55,5455.0,5500.0,5791.45,5796.0,5632.45,1996884,11385063686.35,5802.55,1941.05,152077,INE118H01025,2024-12-19T12:01:03.277Z,2024-12-19T12:01:03.277Z,0,,5701.41,19-Dec-2024,
6762b95c0fa404e90897eb5d,BSE,EQ,N,2024-12-18,2024-12-17T18:30:00.000Z,5751.3,5562.0,5747.0,5632.45,5633.25,5727.9,1352848,7643073482.95,5767.0,1941.05,121610,INE118H01025,2024-12-18T12:00:28.115Z,2024-12-18T12:00:28.115Z,0,,5649.62,18-Dec-2024,
676167dcda3f93657ef458a1,BSE,EQ,N,2024-12-17,2024-12-16T18:30:00.000Z,5767.0,5654.05,5672.2,5727.9,5732.0,5663.8,1441600,8237608811.55,5767.0,1941.05,117488,INE118H01025,2024-12-17T12:00:28.670Z,2024-12-17T12:00:28.670Z,0,,5714.21,17-Dec-2024,
6760167feaa921f6ae66bd25,BSE,EQ,N,2024-12-16,2024-12-15T18:30:00.000Z,5735.95,5620.0,5655.0,5663.8,5661.0,5634.95,1622407,9231179671.75,5735.95,1941.05,136455,INE118H01025,2024-12-16T12:01:03.936Z,2024-12-16T12:01:03.936Z,0,,5689.81,16-Dec-2024,
675c232c39a54ec28ecfca21,BSE,EQ,N,2024-12-13,2024-12-12T18:30:00.000Z,5654.0,5481.0,5605.0,5634.95,5629.0,5610.7,1774337,9884104580.55,5717.7,1941.05,163866,INE118H01025,2024-12-13T12:06:04.822Z,2024-12-13T12:06:04.822Z,0,,5570.59,13-Dec-2024,
675ad2b9aba46b69d5047ae1,BSE,EQ,N,2024-12-12,2024-12-11T18:30:00.000Z,5717.7,5572.05,5589.65,5610.7,5614.0,5552.2,2015465,11389316107.45,5717.7,1941.05,158920,INE118H01025,2024-12-12T12:10:33.154Z,2024-12-12T12:10:33.154Z,0,,5650.96,12-Dec-2024,
67597edc69e32eca3c96810a,BSE,EQ,N,2024-12-11,2024-12-10T18:30:00.000Z,5578.9,5427.05,5459.0,5552.2,5560.5,5466.35,1586490,8752295181.65,5607.95,1941.05,138435,INE118H01025,2024-12-11T12:00:28.453Z,2024-12-11T12:00:28.453Z,0,,5516.77,11-Dec-2024,
67582d7f16c352e2b141f50d,BSE,EQ,N,2024-12-10,2024-12-09T18:30:00.000Z,5535.7,5352.05,5487.0,5466.35,5456.15,5467.1,2418310,13163025040.75,5607.95,1941.05,223568,INE118H01025,2024-12-10T12:01:03.772Z,2024-12-10T12:01:03.772Z,0,,5443.07,10-Dec-2024,
6756dbfe39a54ec28ecfb824,BSE,EQ,N,2024-12-09,2024-12-08T18:30:00.000Z,5607.95,5309.9,5377.0,5467.1,5477.0,5396.45,4086396,22407801071.6,5607.95,1941.05,307104,INE118H01025,2024-12-09T12:01:02.950Z,2024-12-09T12:01:02.950Z,0,,5483.51,09-Dec-2024,
6752e75c2630ec1e32685f17,BSE,EQ,N,2024-12-06,2024-12-05T18:30:00.000Z,5445.0,5246.6,5281.45,5396.45,5379.0,5194.9,6297523,33744206486.2,5445.0,1941.05,432042,INE118H01025,2024-12-06T12:00:28.910Z,2024-12-06T12:00:28.910Z,0,,5358.33,06-Dec-2024,
675195ff8acca1b1a49d7d97,BSE,EQ,N,2024-12-05,2024-12-04T18:30:00.000Z,5250.0,4591.5,4599.0,5194.9,5227.75,4572.05,11946477,59722581630.7,5250.0,1941.05,656029,INE118H01025,2024-12-05T12:01:03.357Z,2024-12-05T12:01:03.357Z,0,,4999.18,05-Dec-2024,
6750447f5efd600b138beb62,BSE,EQ,N,2024-12-04,2024-12-03T18:30:00.000Z,4595.0,4485.6,4536.3,4572.05,4586.0,4513.8,1434495,6493464916.6,4989.8,1941.05,92121,INE118H01025,2024-12-04T12:01:03.134Z,2024-12-04T12:01:03.134Z,0,,4526.66,04-Dec-2024,
674ef2ff255fd66265b2236c,BSE,EQ,N,2024-12-03,2024-12-02T18:30:00.000Z,4624.0,4492.5,4572.0,4513.8,4529.75,4563.85,1275930,5800789977.95,4989.8,1941.05,103937,INE118H01025,2024-12-03T12:01:03.121Z,2024-12-03T12:01:03.121Z,0,,4546.32,03-Dec-2024,
674da1809877930d399cbc25,BSE,EQ,N,2024-12-02,2024-12-01T18:30:00.000Z,4687.9,4531.6,4660.0,4563.85,4550.0,4670.75,1579496,7268382172.9,4989.8,1941.05,111550,INE118H01025,2024-12-02T12:01:04.193Z,2024-12-02T12:01:04.193Z,0,,4601.71,02-Dec-2024,
6749c28a03e42dbdbf1f53e0,BSE,EQ,N,2024-11-29,2024-11-28T18:30:00.000Z,4708.8,4586.5,4613.0,4670.75,4688.0,4573.95,2237538,10426639032.2,4989.8,1941.05,131156,INE118H01025,2024-11-29T13:32:58.424Z,2024-11-29T13:32:58.424Z,0,,4659.87,29-Nov-2024,
6748852c698d46a5805e071d,BSE,EQ,N,2024-11-28,2024-11-27T18:30:00.000Z,4600.0,4470.25,4528.0,4573.95,4583.05,4476.25,1597877,7265123930.7,4989.8,1941.05,114301,INE118H01025,2024-11-28T14:58:52.288Z,2024-11-28T14:58:52.288Z,0,,4546.74,28-Nov-2024,
674709ff95724a0f1a752fc7,BSE,EQ,N,2024-11-27,2024-11-26T18:30:00.000Z,4499.0,4280.0,4458.0,4476.25,4492.0,4431.1,2985759,13167595034.55,4989.8,1941.05,215095,INE118H01025,2024-11-27T12:01:03.947Z,2024-11-27T12:01:03.947Z,0,,4410.13,27-Nov-2024,
6745b85d92e9a1a6f6c21a20,BSE,EQ,N,2024-11-26,2024-11-25T18:30:00.000Z,4659.0,4392.0,4598.0,4431.1,4429.0,4686.8,4382423,19743706569.1,4989.8,1941.05,316620,INE118H01025,2024-11-26T12:00:29.349Z,2024-11-26T12:00:29.349Z,0,,4505.2,26-Nov-2024,
67446939ade043122fff0890,BSE,EQ,N,2024-11-25,2024-11-24T18:30:00.000Z,4955.0,4587.15,4840.0,4686.8,4599.95,4719.95,12282693,58208727584.3,4989.8,1941.05,339551,INE118H01025,2024-11-25T12:10:33.271Z,2024-11-25T12:10:33.271Z,0,,4739.09,25-Nov-2024,
6740bc9fa04410b2051ac088,BSE,EQ,N,2024-11-22,2024-11-21T18:30:00.000Z,4784.7,4661.1,4725.0,4719.95,4730.0,4695.15,1531614,7235829612.05,4989.8,1941.05,113022,INE118H01025,2024-11-22T17:17:19.552Z,2024-11-22T17:17:19.552Z,0,,4724.32,22-Nov-2024,
673f4a977856f2a6c77476f3,BSE,EQ,N,2024-11-21,2024-11-20T18:30:00.000Z,4818.0,4570.0,4740.0,4695.15,4706.0,4727.35,2413902,11402177518.1,4989.8,1941.05,176389,INE118H01025,2024-11-21T14:58:31.780Z,2024-11-21T14:58:31.780Z,0,,4723.55,21-Nov-2024,
673c9d507d371e69501c015e,BSE,EQ,N,2024-11-19,2024-11-18T18:30:00.000Z,4858.0,4693.6,4748.0,4727.35,4717.0,4706.0,2328859,11165252232.75,4989.8,1941.05,166946,INE118H01025,2024-11-19T14:14:40.802Z,2024-11-19T14:14:40.802Z,0,,4794.3,19-Nov-2024,
673b55ffd3f4c3bb62575b15,BSE,EQ,N,2024-11-18,2024-11-17T18:30:00.000Z,4740.0,4471.85,4564.0,4706.0,4710.0,4547.8,2507716,11646433096.1,4989.8,1941.05,180985,INE118H01025,2024-11-18T14:58:07.187Z,2024-11-18T14:58:07.187Z,0,,4644.24,18-Nov-2024,
6735e67feac4892b7af30566,BSE,EQ,N,2024-11-14,2024-11-13T18:30:00.000Z,4665.0,4495.0,4499.0,4547.8,4524.0,4491.8,1878541,8619212373.1,4989.8,1941.05,149320,INE118H01025,2024-11-14T12:01:03.533Z,2024-11-14T12:01:03.533Z,0,,4588.25,14-Nov-2024,
67349500036449975278e873,BSE,EQ,N,2024-11-13,2024-11-12T18:30:00.000Z,4789.0,4451.7,4737.55,4491.8,4488.0,4678.2,3647865,16703106106.05,4989.8,1941.05,280884,INE118H01025,2024-11-13T12:01:04.447Z,2024-11-13T12:01:04.447Z,0,,4578.87,13-Nov-2024,
67334781cabf8e1b7d93cb17,BSE,EQ,N,2024-11-12,2024-11-11T18:30:00.000Z,4783.9,4621.05,4675.0,4678.2,4705.0,4623.15,1810046,8500954589.7,4989.8,1941.05,146471,INE118H01025,2024-11-12T12:18:09.291Z,2024-11-12T12:18:09.291Z,0,,4696.54,12-Nov-2024,
673200366a51627d52e4782b,BSE,EQ,N,2024-11-11,2024-11-10T18:30:00.000Z,4747.75,4560.0,4675.0,4623.15,4630.0,4693.9,1987606,9290393195.95,4989.8,1941.05,170079,INE118H01025,2024-11-11T13:01:42.927Z,2024-11-11T13:01:42.927Z,0,,4674.16,11-Nov-2024,
672e19bdefd84b77a866f762,BSE,EQ,N,2024-11-08,2024-11-07T18:30:00.000Z,4969.0,4650.3,4904.0,4693.9,4668.0,4872.05,3192229,15451812755.3,4989.8,1774.45,258258,INE118H01025,2024-11-08T14:01:33.805Z,2024-11-08T14:01:33.805Z,0,,4840.45,08-Nov-2024,
672cabff2c6f1235ce77e484,BSE,EQ,N,2024-11-07,2024-11-06T18:30:00.000Z,4897.4,4700.0,4715.55,4872.05,4865.0,4684.55,3209993,15520710994.15,4989.8,1774.45,252526,INE118H01025,2024-11-07T12:01:03.628Z,2024-11-07T12:01:03.628Z,0,,4835.12,07-Nov-2024,
672b7e6a442e6080b4874341,BSE,EQ,N,2024-11-06,2024-11-05T18:30:00.000Z,4815.0,4618.45,4648.0,4684.55,4704.0,4602.95,3192252,15039883993.55,4989.8,1774.45,256249,INE118H01025,2024-11-06T14:34:18.322Z,2024-11-06T14:34:18.322Z,0,,4711.37,06-Nov-2024,
672a0900381b36a9f984a5f8,BSE,EQ,N,2024-11-05,2024-11-04T18:30:00.000Z,4625.0,4402.3,4445.0,4602.95,4602.0,4413.65,2680408,12116385227.55,4989.8,1774.45,183653,INE118H01025,2024-11-05T12:01:04.401Z,2024-11-05T12:01:04.401Z,0,,4520.35,05-Nov-2024,
6728b780b83724e3adea3124,BSE,EQ,N,2024-11-04,2024-11-03T18:30:00.000Z,4560.0,4372.0,4444.0,4413.65,4419.0,4463.65,2157364,9626605154.75,4989.8,1774.45,175304,INE118H01025,2024-11-04T12:01:04.249Z,2024-11-04T12:01:04.249Z,0,,4462.21,04-Nov-2024,
6725022129f871cd053926e8,BSE,EQ,N,2024-11-01,2024-10-31T18:30:00.000Z,4524.0,4414.55,4482.3,4463.65,4450.0,4465.6,510955,2292154105.6,4989.8,1750.5,38455,INE118H01025,2024-11-01T16:30:25.649Z,2024-11-01T16:30:25.649Z,0,,4486.02,01-Nov-2024,
6723717f6022a529b98a2073,BSE,EQ,N,2024-10-31,2024-10-30T18:30:00.000Z,4492.3,4315.1,4365.0,4465.6,4483.25,4340.65,1950878,8608864873.4,4989.8,1750.5,160456,INE118H01025,2024-10-31T12:01:03.696Z,2024-10-31T12:01:03.696Z,0,,4412.82,31-Oct-2024,
672220005378196752d6f67c,BSE,EQ,N,2024-10-30,2024-10-29T18:30:00.000Z,4524.0,4258.6,4293.0,4340.65,4343.7,4284.05,3135607,13807653401.1,4989.8,1750.5,220833,INE118H01025,2024-10-30T12:01:04.181Z,2024-10-30T12:01:04.181Z,0,,4403.5,30-Oct-2024,
6720ce7f39eff3a527009d24,BSE,EQ,N,2024-10-29,2024-10-28T18:30:00.000Z,4300.0,4137.1,4186.0,4284.05,4288.0,4165.2,1580787,6686522221.15,4989.8,1750.5,124586,INE118H01025,2024-10-29T12:01:03.565Z,2024-10-29T12:01:03.565Z,0,,4229.87,29-Oct-2024,
671f865f055e32831beaebee,BSE,EQ,N,2024-10-28,2024-10-27T18:30:00.000Z,4248.0,4087.1,4120.0,4165.2,4169.0,4062.75,1776346,7415067708.15,4989.8,1750.5,147429,INE118H01025,2024-10-28T12:41:03.830Z,2024-10-28T12:41:03.830Z,0,,4174.34,28-Oct-2024,
671b887f893aeedc08e981b4,BSE,EQ,N,2024-10-25,2024-10-24T18:30:00.000Z,4324.9,3993.65,4324.9,4062.75,4068.0,4324.95,2378853,9777098039.95,4989.8,1586.15,205817,INE118H01025,2024-10-25T12:01:03.941Z,2024-10-25T12:01:03.941Z,0,,4110.01,25-Oct-2024,
671a36ffc84c96f1c48bd82b,BSE,EQ,N,2024-10-24,2024-10-23T18:30:00.000Z,4379.8,4275.55,4295.0,4324.95,4313.0,4273.2,2014933,8720263285.9,4989.8,1586.15,159654,INE118H01025,2024-10-24T12:01:03.281Z,2024-10-24T12:01:03.281Z,0,,4327.82,24-Oct-2024,
6718e57f874f1446394ef97b,BSE,EQ,N,2024-10-23,2024-10-22T18:30:00.000Z,4400.0,4011.0,4110.0,4273.2,4275.0,4090.25,3372193,14339958715.85,4989.8,1586.15,261538,INE118H01025,2024-10-23T12:01:03.463Z,2024-10-23T12:01:03.463Z,0,,4252.41,23-Oct-2024,
671793ff6b3ec1a6ea58e6af,BSE,EQ,N,2024-10-22,2024-10-21T18:30:00.000Z,4364.0,4051.1,4360.0,4090.25,4124.95,4334.4,2816574,11710042512.6,4989.8,1586.15,238545,INE118H01025,2024-10-22T12:01:03.354Z,2024-10-22T12:01:03.354Z,0,,4157.55,22-Oct-2024,
6716427fba9eb42536376bfe,BSE,EQ,N,2024-10-21,2024-10-20T18:30:00.000Z,4459.0,4311.1,4321.0,4334.4,4350.0,4274.8,2799692,12233100482.7,4989.8,1586.15,213791,INE118H01025,2024-10-21T12:01:03.977Z,2024-10-21T12:01:03.977Z,0,,4369.45,21-Oct-2024,
67124dff08abd6fc79f1c638,BSE,EQ,N,2024-10-18,2024-10-17T18:30:00.000Z,4443.0,4101.0,4237.0,4274.8,4292.15,4257.55,5711214,24615638727.55,4989.8,1465.05,427675,INE118H01025,2024-10-18T12:01:03.225Z,2024-10-18T12:01:03.225Z,0,,4310.05,18-Oct-2024,
6710fc7e58430d0d53875351,BSE,EQ,N,2024-10-17,2024-10-16T18:30:00.000Z,4556.8,4200.0,4528.55,4257.55,4260.0,4521.85,3627703,15841715380.75,4989.8,1465.05,245675,INE118H01025,2024-10-17T12:01:02.664Z,2024-10-17T12:01:02.664Z,0,,4366.87,17-Oct-2024,
670faafe8f728f726a322e2e,BSE,EQ,N,2024-10-16,2024-10-15T18:30:00.000Z,4625.0,4419.9,4575.0,4521.85,4495.0,4752.25,6307378,28621807863.45,4989.8,1465.05,393548,INE118H01025,2024-10-16T12:01:02.846Z,2024-10-16T12:01:02.846Z,0,,4537.83,16-Oct-2024,
670e597f97b2d76914497ec4,BSE,EQ,N,2024-10-15,2024-10-14T18:30:00.000Z,4887.4,4670.0,4860.0,4752.25,4779.0,4809.5,4202290,19973497286.6,4989.8,1465.05,260377,INE118H01025,2024-10-15T12:01:03.888Z,2024-10-15T12:01:03.888Z,0,,4753.0,15-Oct-2024,
670d07fed7cf1f88fb25aab8,BSE,EQ,N,2024-10-14,2024-10-13T18:30:00.000Z,4989.8,4535.95,4536.0,4809.5,4818.0,4496.45,12710647,60745178056.35,4989.8,1465.05,592693,INE118H01025,2024-10-14T12:01:02.794Z,2024-10-14T12:01:02.794Z,0,,4779.08,14-Oct-2024,
6709137e0052967aab2a00b2,BSE,EQ,N,2024-10-11,2024-10-10T18:30:00.000Z,4550.0,4248.7,4265.0,4496.45,4534.0,4216.15,6486810,28485565254.1,4550.0,1360.05,339102,INE118H01025,2024-10-11T12:01:02.660Z,2024-10-11T12:01:02.660Z,0,,4391.31,11-Oct-2024,
6707c1fffad528e2a0d82836,BSE,EQ,N,2024-10-10,2024-10-09T18:30:00.000Z,4349.0,4165.65,4219.0,4216.15,4247.0,4181.05,3478960,14847448359.05,4395.0,1360.05,195860,INE118H01025,2024-10-10T12:01:03.806Z,2024-10-10T12:01:03.806Z,0,,4267.78,10-Oct-2024,
6706707fd963725c1ea1bf8c,BSE,EQ,N,2024-10-09,2024-10-08T18:30:00.000Z,4395.0,4160.0,4307.0,4181.05,4199.0,4242.65,5523535,23688572858.15,4395.0,1360.05,305239,INE118H01025,2024-10-09T12:01:03.653Z,2024-10-09T12:01:03.653Z,0,,4288.66,09-Oct-2024,
67051eff054920bc962feaaf,BSE,EQ,N,2024-10-08,2024-10-07T18:30:00.000Z,4275.0,3831.15,3863.85,4242.65,4253.05,3826.45,7024196,28753847159.0,4275.0,1360.05,354580,INE118H01025,2024-10-08T12:01:03.029Z,2024-10-08T12:01:03.029Z,0,,4093.54,08-Oct-2024,
6703cd80df426bdeedb4eafa,BSE,EQ,N,2024-10-07,2024-10-06T18:30:00.000Z,4260.0,3781.05,4190.0,3826.45,3861.0,4108.15,6157156,24578041437.05,4260.0,1360.05,425255,INE118H01025,2024-10-07T12:01:04.054Z,2024-10-07T12:01:04.054Z,0,,3991.78,07-Oct-2024,
66ffd8ffafdf941817679951,BSE,EQ,N,2024-10-04,2024-10-03T18:30:00.000Z,4194.3,3851.0,3980.0,4108.15,4115.0,3953.6,7604579,31033567346.3,4235.0,1252.65,460171,INE118H01025,2024-10-04T12:01:03.751Z,2024-10-04T12:01:03.751Z,0,,4080.91,04-Oct-2024,
66fe877f274ff7479775a6f5,BSE,EQ,N,2024-10-03,2024-10-02T18:30:00.000Z,4235.0,3745.05,3800.0,3953.6,3980.0,3858.9,11222130,45689375563.8,4235.0,1252.65,650847,INE118H01025,2024-10-03T12:01:03.068Z,2024-10-03T12:01:03.068Z,0,,4071.36,03-Oct-2024,
66fc01176e351bea41d856b9,BSE,EQ,N,2024-10-01,2024-09-30T18:30:00.000Z,3920.0,3690.1,3745.0,3858.9,3858.0,3684.65,3632990,13887257262.05,4200.0,1252.65,234213,INE118H01025,2024-10-01T14:03:03.289Z,2024-10-01T14:03:03.289Z,0,,3822.54,01-Oct-2024,
66fa9f6cefa8c6957ab528e9,BSE,EQ,N,2024-09-30,2024-09-29T18:30:00.000Z,3825.0,3579.95,3580.0,3684.65,3680.0,3645.95,2770229,10243374508.3,4200.0,1252.65,168320,INE118H01025,2024-09-30T12:54:04.227Z,2024-09-30T12:54:04.227Z,0,,3697.66,30-Sep-2024,
66f69e80187f561bd65ff976,BSE,EQ,N,2024-09-27,2024-09-26T18:30:00.000Z,3771.6,3625.0,3760.0,3645.95,3630.0,3759.05,975112,3592446383.55,4200.0,1161.35,78247,INE118H01025,2024-09-27T12:01:04.125Z,2024-09-27T12:01:04.125Z,0,,3684.14,27-Sep-2024,
66f54cfe518e41f2ac98f9f5,BSE,EQ,N,2024-09-26,2024-09-25T18:30:00.000Z,3939.95,3735.0,3935.0,3759.05,3760.0,3837.85,1910051,7272635264.9,4200.0,1161.35,126690,INE118H01025,2024-09-26T12:01:02.978Z,2024-09-26T12:01:02.978Z,0,,3807.56,26-Sep-2024,
66f3fb7f8cdfdc94d8ca6134,BSE,EQ,N,2024-09-25,2024-09-24T18:30:00.000Z,4003.0,3826.1,3993.0,3837.85,3835.0,3980.15,1583459,6141797287.65,4200.0,1161.35,124748,INE118H01025,2024-09-25T12:01:03.358Z,2024-09-25T12:01:03.358Z,0,,3878.72,25-Sep-2024,
66f2a9ffd2b3c3a2d900f98f,BSE,EQ,N,2024-09-24,2024-09-23T18:30:00.000Z,4077.0,3911.2,3952.0,3980.15,3978.95,3932.35,2446010,9780099284.3,4200.0,1161.35,135070,INE118H01025,2024-09-24T12:01:03.478Z,2024-09-24T12:01:03.478Z,0,,3998.39,24-Sep-2024,
66f1587eae994f7d298019ff,BSE,EQ,N,2024-09-23,2024-09-22T18:30:00.000Z,4200.0,3896.05,4001.0,3932.35,3945.0,3984.95,5203722,21090612190.25,4200.0,1161.35,255111,INE118H01025,2024-09-23T12:01:02.709Z,2024-09-23T12:01:02.709Z,0,,4052.99,23-Sep-2024,
66ed63ff5f4f2a002fa5b3ed,BSE,EQ,N,2024-09-20,2024-09-19T18:30:00.000Z,4050.0,3679.05,3735.0,3984.95,3957.85,3711.2,6839594,26943290283.95,4050.0,1154.8,330086,INE118H01025,2024-09-20T12:01:03.675Z,2024-09-20T12:01:03.675Z,0,,3939.31,20-Sep-2024,
66ec127fe8e6cfe2c8b450d1,BSE,EQ,N,2024-09-19,2024-09-18T18:30:00.000Z,3896.0,3575.95,3896.0,3711.2,3710.0,3896.15,6245517,23009263052.65,3945.0,1154.8,364124,INE118H01025,2024-09-19T12:01:03.706Z,2024-09-19T12:01:03.706Z,0,,3684.12,19-Sep-2024,
66eac0ff514a68865e7a0ed0,BSE,EQ,N,2024-09-18,2024-09-17T18:30:00.000Z,3945.0,3345.0,3348.0,3896.15,3844.0,3333.7,15631728,58584334142.05,3945.0,1154.8,828598,INE118H01025,2024-09-18T12:01:03.633Z,2024-09-18T12:01:03.633Z,0,,3747.78,18-Sep-2024,
66e96f7fd185cea288a74a1a,BSE,EQ,N,2024-09-17,2024-09-16T18:30:00.000Z,3557.0,3315.0,3420.0,3333.7,3339.0,3431.8,4082276,13921784407.0,3557.0,1154.8,260442,INE118H01025,2024-09-17T12:01:03.420Z,2024-09-17T12:01:03.420Z,0,,3410.3,17-Sep-2024,
66e8257ec84f31fbdc41c778,BSE,EQ,N,2024-09-16,2024-09-15T18:30:00.000Z,3459.0,2955.0,2960.0,3431.8,3420.0,2902.7,10658953,34876577071.75,3459.0,1154.8,485914,INE118H01025,2024-09-16T12:33:02.896Z,2024-09-16T12:33:02.896Z,0,,3272.05,16-Sep-2024,
66e4297fb0edbcee29307223,BSE,EQ,N,2024-09-13,2024-09-12T18:30:00.000Z,2935.5,2874.0,2892.0,2902.7,2900.0,2869.0,754255,2191788903.15,3264.7,1154.8,44737,INE118H01025,2024-09-13T12:01:03.563Z,2024-09-13T12:01:03.563Z,0,,2905.9,13-Sep-2024,
66e2d7fe4316eca7977668c0,BSE,EQ,N,2024-09-12,2024-09-11T18:30:00.000Z,2905.0,2831.75,2888.0,2869.0,2871.0,2881.9,384636,1099247526.7,3264.7,1154.8,33326,INE118H01025,2024-09-12T12:01:02.816Z,2024-09-12T12:01:02.816Z,0,,2857.89,12-Sep-2024,
66e1867fd885259efc3a6358,BSE,EQ,N,2024-09-11,2024-09-10T18:30:00.000Z,2945.9,2828.8,2851.0,2881.9,2880.05,2850.7,730132,2115147137.75,3264.7,1154.8,52117,INE118H01025,2024-09-11T12:01:03.626Z,2024-09-11T12:01:03.626Z,0,,2896.94,11-Sep-2024,
66e034ff39797471f4fb72f7,BSE,EQ,N,2024-09-10,2024-09-09T18:30:00.000Z,2870.0,2813.15,2840.0,2850.7,2845.0,2834.8,444342,1266091680.2,3264.7,1154.8,36232,INE118H01025,2024-09-10T12:01:03.097Z,2024-09-10T12:01:03.097Z,0,,2849.36,10-Sep-2024,
66dee37f88e4eec792e11118,BSE,EQ,N,2024-09-09,2024-09-08T18:30:00.000Z,2849.0,2741.3,2819.2,2834.8,2837.0,2824.25,555619,1554859357.7,3264.7,1154.8,41339,INE118H01025,2024-09-09T12:01:03.361Z,2024-09-09T12:01:03.361Z,0,,2798.43,09-Sep-2024,
66db0f8c2b22d024b7a5f406,BSE,EQ,N,2024-09-06,2024-09-05T18:30:00.000Z,2932.45,2805.0,2902.1,2824.25,2834.0,2890.6,722880,2069962833.5,3264.7,1085.6,53540,INE118H01025,2024-09-06T14:19:56.805Z,2024-09-06T14:19:56.805Z,0,,2863.49,06-Sep-2024,
66d9a07e1a5eb733b096543b,BSE,EQ,N,2024-09-05,2024-09-04T18:30:00.000Z,2895.0,2768.0,2768.0,2890.6,2883.0,2760.35,1531205,4383523446.7,3264.7,1085.6,100180,INE118H01025,2024-09-05T12:13:50.550Z,2024-09-05T12:13:50.550Z,0,,2862.79,05-Sep-2024,
66d84bfe0d76d41e20c23ad8,BSE,EQ,N,2024-09-04,2024-09-03T18:30:00.000Z,2815.0,2701.0,2705.0,2760.35,2769.95,2731.95,755257,2084738448.85,3264.7,1085.6,52410,INE118H01025,2024-09-04T12:01:02.685Z,2024-09-04T12:01:02.685Z,0,,2760.3,04-Sep-2024,
66d71911be2f10fa7b3430e5,BSE,EQ,N,2024-09-03,2024-09-02T18:30:00.000Z,2778.2,2700.1,2760.1,2731.95,2737.0,2765.1,436496,1193671362.05,3264.7,1085.6,36254,INE118H01025,2024-09-03T14:11:29.849Z,2024-09-03T14:11:29.849Z,0,,2734.67,03-Sep-2024,
66d678a6be2f10fa7b340c54,BSE,EQ,N,2024-09-02,2024-09-01T18:30:00.000Z,2839.5,2751.0,2839.5,2765.1,2758.0,2832.65,564639,1566086800.15,3264.7,1085.6,41619,INE118H01025,2024-09-03T02:47:02.646Z,2024-09-03T02:47:02.646Z,0,,2773.61,02-Sep-2024,
66d1b47e9893039700144f7f,BSE,EQ,N,2024-08-30,2024-08-29T18:30:00.000Z,2850.0,2806.0,2839.0,2832.65,2840.0,2811.75,662020,1872026009.5,3264.7,893.0,52525,INE118H01025,2024-08-30T12:01:02.977Z,2024-08-30T12:01:02.977Z,0,,2827.75,30-Aug-2024,
66d062ff28fe008f761bf721,BSE,EQ,N,2024-08-29,2024-08-28T18:30:00.000Z,2837.0,2762.2,2784.0,2811.75,2815.0,2780.65,1080089,3029347618.6,3264.7,893.0,74174,INE118H01025,2024-08-29T12:01:03.448Z,2024-08-29T12:01:03.448Z,0,,2804.72,29-Aug-2024,
66cf117f27d60587a4976d4a,BSE,EQ,N,2024-08-28,2024-08-27T18:30:00.000Z,2835.4,2741.5,2765.0,2780.65,2780.0,2700.25,1571064,4388575687.35,3264.7,893.0,92003,INE118H01025,2024-08-28T12:01:03.508Z,2024-08-28T12:01:03.508Z,0,,2793.38,28-Aug-2024,
66cdbfff5ac33851079b505a,BSE,EQ,N,2024-08-27,2024-08-26T18:30:00.000Z,2753.45,2681.0,2733.0,2700.25,2705.0,2727.65,490154,1326940360.7,3264.7,893.0,39647,INE118H01025,2024-08-27T12:01:03.469Z,2024-08-27T12:01:03.469Z,0,,2707.19,27-Aug-2024,
66cc6e7f9e0a57e51662ffbf,BSE,EQ,N,2024-08-26,2024-08-25T18:30:00.000Z,2767.0,2710.1,2755.4,2727.65,2725.8,2741.65,384051,1047380411.6,3264.7,893.0,31893,INE118H01025,2024-08-26T12:01:03.456Z,2024-08-26T12:01:03.456Z,0,,2727.19,26-Aug-2024,
66c879ff6952857aea11cf2c,BSE,EQ,N,2024-08-23,2024-08-22T18:30:00.000Z,2800.0,2701.1,2726.85,2741.65,2745.85,2726.85,1397860,3859032743.0,3264.7,863.65,93256,INE118H01025,2024-08-23T12:01:03.374Z,2024-08-23T12:01:03.374Z,0,,2760.67,23-Aug-2024,
66c7287fca847f6a4b1eb8ff,BSE,EQ,N,2024-08-22,2024-08-21T18:30:00.000Z,2750.0,2669.5,2692.0,2726.85,2725.0,2689.9,764611,2079439753.45,3264.7,863.65,49978,INE118H01025,2024-08-22T12:01:03.064Z,2024-08-22T12:01:03.064Z,0,,2719.6,22-Aug-2024,
66c5d6fe7d87ff8fce09d530,BSE,EQ,N,2024-08-21,2024-08-20T18:30:00.000Z,2754.5,2662.3,2718.0,2689.9,2686.25,2703.0,543111,1463830586.85,3264.7,863.65,40819,INE118H01025,2024-08-21T12:01:02.904Z,2024-08-21T12:01:02.904Z,0,,2695.27,21-Aug-2024,
66c4857fca024ae00a381fe7,BSE,EQ,N,2024-08-20,2024-08-19T18:30:00.000Z,2763.0,2652.0,2683.5,2703.0,2712.45,2676.2,1349232,3664617577.65,3264.7,863.65,82525,INE118H01025,2024-08-20T12:01:03.264Z,2024-08-20T12:01:03.264Z,0,,2716.08,20-Aug-2024,
66c333ff791b610bc602677f,BSE,EQ,N,2024-08-19,2024-08-18T18:30:00.000Z,2720.0,2646.0,2671.95,2676.2,2680.0,2645.95,790797,2122184938.1,3264.7,863.65,56793,INE118H01025,2024-08-19T12:01:03.143Z,2024-08-19T12:01:03.143Z,0,,2683.6,19-Aug-2024,
66bf3f7fd618a563080833a2,BSE,EQ,N,2024-08-16,2024-08-15T18:30:00.000Z,2677.0,2542.55,2573.0,2645.95,2643.0,2559.7,1287709,3381681920.5,3264.7,835.5,92023,INE118H01025,2024-08-16T12:01:03.058Z,2024-08-16T12:01:03.058Z,0,,2626.12,16-Aug-2024,
66bc9c7ee5e9e337a4e01714,BSE,EQ,N,2024-08-14,2024-08-13T18:30:00.000Z,2611.0,2525.0,2610.0,2559.7,2565.0,2592.05,416027,1062390945.9,3264.7,835.5,37468,INE118H01025,2024-08-14T12:01:02.982Z,2024-08-14T12:01:02.982Z,0,,2553.66,14-Aug-2024,
66bb4afe43944ad5f60bbace,BSE,EQ,N,2024-08-13,2024-08-12T18:30:00.000Z,2617.8,2544.0,2588.0,2592.05,2591.0,2571.65,623188,1606604104.6,3264.7,835.5,40436,INE118H01025,2024-08-13T12:01:02.989Z,2024-08-13T12:01:02.989Z,0,,2578.04,13-Aug-2024,
66b9f97fe011553e44485c88,BSE,EQ,N,2024-08-12,2024-08-11T18:30:00.000Z,2645.0,2566.0,2600.0,2571.65,2573.0,2650.5,651385,1690110339.65,3264.7,835.5,49849,INE118H01025,2024-08-12T12:01:03.425Z,2024-08-12T12:01:03.425Z,0,,2594.64,12-Aug-2024,
66b604fec86b37241cf6947e,BSE,EQ,N,2024-08-09,2024-08-08T18:30:00.000Z,2681.0,2562.15,2624.95,2650.5,2642.0,2599.8,1773232,4694790113.45,3264.7,835.5,121255,INE118H01025,2024-08-09T12:01:02.640Z,2024-08-09T12:01:02.640Z,0,,2647.59,09-Aug-2024,
66b4b37fbeafe5d0f808480e,BSE,EQ,N,2024-08-08,2024-08-07T18:30:00.000Z,2657.0,2530.0,2657.0,2599.8,2589.0,2398.55,3643222,9458832470.95,3264.7,835.5,217318,INE118H01025,2024-08-08T12:01:03.426Z,2024-08-08T12:01:03.426Z,0,,2596.28,08-Aug-2024,
66b361ffc65c452d432b43c0,BSE,EQ,N,2024-08-07,2024-08-06T18:30:00.000Z,2416.0,2341.9,2380.0,2398.55,2400.4,2317.35,614984,1468651057.8,3264.7,835.5,59329,INE118H01025,2024-08-07T12:01:03.349Z,2024-08-07T12:01:03.349Z,0,,2388.11,07-Aug-2024,
66b2107fc01765b7ee1d1ef9,BSE,EQ,N,2024-08-06,2024-08-05T18:30:00.000Z,2490.0,2306.1,2435.35,2317.35,2323.0,2387.6,912824,2177097645.8,3264.7,835.5,86304,INE118H01025,2024-08-06T12:01:03.426Z,2024-08-06T12:01:03.426Z,0,,2385.01,06-Aug-2024,
66b0beffeb232aa7756f520f,BSE,EQ,N,2024-08-05,2024-08-04T18:30:00.000Z,2488.6,2340.0,2444.0,2387.6,2384.9,2563.7,1503846,3607930971.15,3264.7,835.5,134820,INE118H01025,2024-08-05T12:01:03.090Z,2024-08-05T12:01:03.090Z,0,,2399.14,05-Aug-2024,
66acca7f0084639b6163f2d5,BSE,EQ,N,2024-08-02,2024-08-01T18:30:00.000Z,2619.0,2556.85,2575.0,2563.7,2565.0,2643.25,736612,1905254239.75,3264.7,790.15,71532,INE118H01025,2024-08-02T12:01:03.382Z,2024-08-02T12:01:03.382Z,0,,2586.51,02-Aug-2024,
66ab78ff317716e8cb9a33e8,BSE,EQ,N,2024-08-01,2024-07-31T18:30:00.000Z,2660.0,2571.25,2611.0,2643.25,2640.0,2556.45,1808504,4756972507.4,3264.7,790.15,140257,INE118H01025,2024-08-01T12:01:03.271Z,2024-08-01T12:01:03.271Z,0,,2630.34,01-Aug-2024,
66aa277fafbdcf04e0a03c37,BSE,EQ,N,2024-07-31,2024-07-30T18:30:00.000Z,2607.7,2374.0,2375.1,2556.45,2559.0,2412.3,3426971,8787498684.8,3264.7,790.15,204310,INE118H01025,2024-07-31T12:01:03.196Z,2024-07-31T12:01:03.196Z,0,,2564.22,31-Jul-2024,
66a8d5fe3c451435a911724f,BSE,EQ,N,2024-07-30,2024-07-29T18:30:00.000Z,2459.95,2407.75,2440.0,2412.3,2412.55,2440.25,317927,773153641.05,3264.7,790.15,32127,INE118H01025,2024-07-30T12:01:02.567Z,2024-07-30T12:01:02.567Z,0,,2431.86,30-Jul-2024,
66a7847e95068b04ba31b44f,BSE,EQ,N,2024-07-29,2024-07-28T18:30:00.000Z,2472.95,2424.0,2466.3,2440.25,2436.95,2447.5,442791,1082126910.3,3264.7,790.15,35648,INE118H01025,2024-07-29T12:01:02.795Z,2024-07-29T12:01:02.795Z,0,,2443.88,29-Jul-2024,
66a38fff1dfbcf63c091a6ed,BSE,EQ,N,2024-07-26,2024-07-25T18:30:00.000Z,2477.8,2421.7,2473.45,2447.5,2448.0,2468.3,449183,1100870355.75,3264.7,725.65,37466,INE118H01025,2024-07-26T12:01:03.314Z,2024-07-26T12:01:03.314Z,0,,2450.83,26-Jul-2024,
66a23e7f59a2ff696d114cf5,BSE,EQ,N,2024-07-25,2024-07-24T18:30:00.000Z,2490.5,2361.05,2400.0,2468.3,2474.45,2413.5,1439123,3531993268.7,3264.7,725.65,99921,INE118H01025,2024-07-25T12:01:03.415Z,2024-07-25T12:01:03.415Z,0,,2454.27,25-Jul-2024,
66a0ecfe74493739605c5d3a,BSE,EQ,N,2024-07-24,2024-07-23T18:30:00.000Z,2435.0,2243.6,2245.0,2413.5,2419.0,2226.3,2155888,5132728037.25,3264.7,725.65,127567,INE118H01025,2024-07-24T12:01:02.977Z,2024-07-24T12:01:02.977Z,0,,2380.8,24-Jul-2024,
669f9b7f06d947166d35c353,BSE,EQ,N,2024-07-23,2024-07-22T18:30:00.000Z,2295.0,2115.0,2206.8,2226.3,2237.7,2208.35,1491065,3329678904.9,3264.7,725.65,105575,INE118H01025,2024-07-23T12:01:03.704Z,2024-07-23T12:01:03.704Z,0,,2233.09,23-Jul-2024,
669e49ff870f654ccaa9bfcd,BSE,EQ,N,2024-07-22,2024-07-21T18:30:00.000Z,2298.0,2180.0,2220.0,2208.35,2194.0,2252.75,555326,1243350316.8,3264.7,725.65,56370,INE118H01025,2024-07-22T12:01:03.364Z,2024-07-22T12:01:03.364Z,0,,2238.96,22-Jul-2024,
669a557e8265548596043202,BSE,EQ,N,2024-07-19,2024-07-18T18:30:00.000Z,2290.4,2245.8,2286.0,2252.75,2253.0,2300.4,567924,1283173458.4,3264.7,725.65,50367,INE118H01025,2024-07-19T12:01:02.736Z,2024-07-19T12:01:02.736Z,0,,2259.41,19-Jul-2024,
669903ff5ed3114ff8a49a5b,BSE,EQ,N,2024-07-18,2024-07-17T18:30:00.000Z,2366.9,2284.0,2365.0,2300.4,2303.5,2371.4,753728,1736228280.7,3264.7,725.65,66882,INE118H01025,2024-07-18T12:01:03.142Z,2024-07-18T12:01:03.142Z,0,,2303.52,18-Jul-2024,
669660ffdf8eb25d00be987d,BSE,EQ,N,2024-07-16,2024-07-15T18:30:00.000Z,2404.55,2365.0,2370.0,2371.4,2369.0,2371.25,409094,974899160.5,3264.7,725.65,34761,INE118H01025,2024-07-16T12:01:03.909Z,2024-07-16T12:01:03.909Z,0,,2383.07,16-Jul-2024,
66950f7fbf3a6f2dbb8f37ed,BSE,EQ,N,2024-07-15,2024-07-14T18:30:00.000Z,2389.0,2330.0,2380.0,2371.25,2376.0,2363.8,662301,1560038760.15,3264.7,725.65,75280,INE118H01025,2024-07-15T12:01:03.048Z,2024-07-15T12:01:03.048Z,0,,2355.48,15-Jul-2024,
66911af8b104d5da3a312885,BSE,EQ,N,2024-07-12,2024-07-11T18:30:00.000Z,2385.0,2338.3,2362.25,2363.8,2367.0,2332.55,618662,1461767551.05,3264.7,692.2,54869,INE118H01025,2024-07-12T12:00:56.880Z,2024-07-12T12:00:56.880Z,0,,2362.79,12-Jul-2024,
668fc97938301280651e8ead,BSE,EQ,N,2024-07-11,2024-07-10T18:30:00.000Z,2388.0,2272.0,2272.0,2332.55,2345.65,2254.25,2347668,5488930430.1,3264.7,692.2,157383,INE118H01025,2024-07-11T12:00:57.328Z,2024-07-11T12:00:57.328Z,0,,2338.04,11-Jul-2024,
668e77f863d2b6d8d7cfc89a,BSE,EQ,N,2024-07-10,2024-07-09T18:30:00.000Z,2384.0,2245.0,2331.0,2254.25,2260.0,2336.6,2301227,5271939564.5,3264.7,692.2,154103,INE118H01025,2024-07-10T12:00:56.240Z,2024-07-10T12:00:56.240Z,0,,2290.93,10-Jul-2024,
668d26786e90cf0dd863e5d6,BSE,EQ,N,2024-07-09,2024-07-08T18:30:00.000Z,2453.95,2328.0,2390.0,2336.6,2333.95,2380.35,1166229,2764875754.25,3264.7,692.2,98477,INE118H01025,2024-07-09T12:00:56.315Z,2024-07-09T12:00:56.315Z,0,,2370.78,09-Jul-2024,
668bd4f7e3abb192437a5775,BSE,EQ,N,2024-07-08,2024-07-07T18:30:00.000Z,2420.0,2356.0,2410.0,2380.35,2385.0,2405.35,596342,1418409468.15,3264.7,692.2,70035,INE118H01025,2024-07-08T12:00:55.919Z,2024-07-08T12:00:55.919Z,0,,2378.52,08-Jul-2024,
6687e0b44e1ebb1a10c6bdf6,BSE,EQ,N,2024-07-05,2024-07-04T18:30:00.000Z,2468.6,2395.0,2468.0,2405.35,2415.0,2457.35,836004,2018735646.9,3264.7,611.75,73795,INE118H01025,2024-07-05T12:01:56.932Z,2024-07-05T12:01:56.932Z,0,,2414.74,05-Jul-2024,
66868ef8c59932d2d890d78b,BSE,EQ,N,2024-07-04,2024-07-03T18:30:00.000Z,2499.0,2454.0,2458.0,2457.35,2463.0,2457.75,538942,1333645514.65,3264.7,611.75,49973,INE118H01025,2024-07-04T12:00:56.263Z,2024-07-04T12:00:56.263Z,0,,2474.56,04-Jul-2024,
66853d784353d5f75648f9e4,BSE,EQ,N,2024-07-03,2024-07-02T18:30:00.000Z,2509.5,2447.0,2495.0,2457.75,2464.8,2487.1,728280,1797221770.4,3264.7,611.75,75435,INE118H01025,2024-07-03T12:00:56.033Z,2024-07-03T12:00:56.033Z,0,,2467.76,03-Jul-2024,
6683ebf8fd4f5ef6f5d9fda4,BSE,EQ,N,2024-07-02,2024-07-01T18:30:00.000Z,2560.0,2483.0,2560.0,2487.1,2490.0,2574.1,1079501,2702964079.8,3264.7,611.75,109137,INE118H01025,2024-07-02T12:00:56.329Z,2024-07-02T12:00:56.329Z,0,,2503.9,02-Jul-2024,
66829a7890e68cdd78b30b77,BSE,EQ,N,2024-07-01,2024-06-30T18:30:00.000Z,2619.75,2570.05,2600.0,2574.1,2575.2,2582.55,583442,1512040337.05,3264.7,611.75,67726,INE118H01025,2024-07-01T12:00:56.588Z,2024-07-01T12:00:56.588Z,0,,2591.59,01-Jul-2024,
667ea5f7fca0081bdb863252,BSE,EQ,N,2024-06-28,2024-06-27T18:30:00.000Z,2642.7,2560.05,2581.0,2582.55,2578.8,2553.8,1100517,2856568041.35,3264.7,589.0,68833,INE118H01025,2024-06-28T12:00:55.996Z,2024-06-28T12:00:55.996Z,0,,2595.66,28-Jun-2024,
667d54771ddb15b366b56a1a,BSE,EQ,N,2024-06-27,2024-06-26T18:30:00.000Z,2565.0,2525.0,2550.0,2553.8,2550.0,2541.1,583469,1485770056.7,3264.7,589.0,57049,INE118H01025,2024-06-27T12:00:55.971Z,2024-06-27T12:00:55.971Z,0,,2546.44,27-Jun-2024,
667c02f742be97760a6f35ca,BSE,EQ,N,2024-06-26,2024-06-25T18:30:00.000Z,2556.05,2501.0,2532.0,2541.1,2544.0,2520.55,538178,1359592403.0,3264.7,589.0,49330,INE118H01025,2024-06-26T12:00:55.539Z,2024-06-26T12:00:55.539Z,0,,2526.29,26-Jun-2024,
667ab1772233307ad94441d7,BSE,EQ,N,2024-06-25,2024-06-24T18:30:00.000Z,2545.0,2500.0,2515.0,2520.55,2520.95,2497.95,453837,1144310644.3,3264.7,589.0,48661,INE118H01025,2024-06-25T12:00:55.448Z,2024-06-25T12:00:55.448Z,0,,2521.41,25-Jun-2024,
66795ff749303719e3d3fd5b,BSE,EQ,N,2024-06-24,2024-06-23T18:30:00.000Z,2550.0,2492.0,2550.0,2497.95,2510.0,2560.2,963273,2414144499.9,3264.7,589.0,94328,INE118H01025,2024-06-24T12:00:55.818Z,2024-06-24T12:00:55.818Z,0,,2506.19,24-Jun-2024,
66756b785a7fcffe87c9e9ef,BSE,EQ,N,2024-06-21,2024-06-20T18:30:00.000Z,2670.0,2547.0,2641.0,2560.2,2568.0,2639.45,748696,1943759448.3,3264.7,565.0,58998,INE118H01025,2024-06-21T12:00:56.752Z,2024-06-21T12:00:56.752Z,0,,2596.19,21-Jun-2024,
667419f78353ec3d6291201d,BSE,EQ,N,2024-06-20,2024-06-19T18:30:00.000Z,2720.0,2592.0,2720.0,2639.45,2644.0,2709.25,818172,2169995626.3,3264.7,565.0,80594,INE118H01025,2024-06-20T12:00:55.207Z,2024-06-20T12:00:55.207Z,0,,2652.25,20-Jun-2024,
6672c8770b70e62adc2c7c11,BSE,EQ,N,2024-06-19,2024-06-18T18:30:00.000Z,2738.0,2700.0,2738.0,2709.25,2704.0,2738.35,432583,1172947514.7,3264.7,565.0,29914,INE118H01025,2024-06-19T12:00:55.962Z,2024-06-19T12:00:55.962Z,0,,2711.5,19-Jun-2024,
667176f7aa77ddb4ece80e14,BSE,EQ,N,2024-06-18,2024-06-17T18:30:00.000Z,2764.6,2725.0,2760.0,2738.35,2740.0,2758.9,468350,1282457716.65,3264.7,565.0,31086,INE118H01025,2024-06-18T12:00:55.348Z,2024-06-18T12:00:55.348Z,0,,2738.25,18-Jun-2024,
666c30f7250c23f3915ed0eb,BSE,EQ,N,2024-06-14,2024-06-13T18:30:00.000Z,2777.75,2701.75,2740.0,2758.9,2752.9,2736.2,525154,1441593057.35,3264.7,551.45,32896,INE118H01025,2024-06-14T12:00:55.686Z,2024-06-14T12:00:55.686Z,0,,2745.09,14-Jun-2024,"[{'symbol': 'BSE', 'series': 'EQ', 'ind': '-', 'faceVal': '2', 'subject': 'Dividend - Rs 15 Per Share', 'exDate': '14-Jun-2024', 'recDate': '14-Jun-2024', 'bcStartDate': '-', 'bcEndDate': '-', 'ndStartDate': '-', 'comp': 'BSE Limited', 'isin': 'INE118H01025', 'ndEndDate': '-', 'caBroadcastDate': None}]"
666adf76f891ef1f755e07b8,BSE,EQ,N,2024-06-13,2024-06-12T18:30:00.000Z,2748.6,2704.85,2709.0,2736.2,2736.0,2702.85,521303,1425115297.0,3264.7,551.45,39400,INE118H01025,2024-06-13T12:00:54.853Z,2024-06-13T12:00:54.853Z,0,,2733.76,13-Jun-2024,
66698df7e9af587e2e37a643,BSE,EQ,N,2024-06-12,2024-06-11T18:30:00.000Z,2719.0,2670.0,2685.0,2702.85,2701.7,2672.4,743207,2005235670.45,3264.7,551.45,61077,INE118H01025,2024-06-12T12:00:55.365Z,2024-06-12T12:00:55.365Z,0,,2698.09,12-Jun-2024,
66683c7786d61f4a36994f03,BSE,EQ,N,2024-06-11,2024-06-10T18:30:00.000Z,2689.75,2666.0,2675.0,2672.4,2666.7,2660.7,747784,2002891894.4,3264.7,551.45,44159,INE118H01025,2024-06-11T12:00:55.074Z,2024-06-11T12:00:55.074Z,0,,2678.44,11-Jun-2024,
6666eaf6932810613dca566a,BSE,EQ,N,2024-06-10,2024-06-09T18:30:00.000Z,2718.0,2654.15,2681.8,2660.7,2658.6,2681.8,510420,1363663441.25,3264.7,551.45,39825,INE118H01025,2024-06-10T12:00:54.885Z,2024-06-10T12:00:54.885Z,0,,2671.65,10-Jun-2024,
6662f685ccaab58680440f1b,BSE,EQ,N,2024-06-07,2024-06-06T18:30:00.000Z,2708.05,2652.5,2701.15,2681.8,2682.0,2701.15,602909,1612387304.55,3264.7,551.45,49570,INE118H01025,2024-06-07T12:01:09.313Z,2024-06-07T12:01:09.313Z,0,,2674.35,07-Jun-2024,
6661a5026d21c741a9ce0b3a,BSE,EQ,N,2024-06-06,2024-06-05T18:30:00.000Z,2737.0,2683.0,2701.0,2701.15,2699.0,2662.65,850809,2299860259.3,3264.7,551.45,57158,INE118H01025,2024-06-06T12:01:06.788Z,2024-06-06T12:01:06.788Z,0,,2703.15,06-Jun-2024,
666053841a12f5d2b3c4ab3a,BSE,EQ,N,2024-06-05,2024-06-04T18:30:00.000Z,2677.5,2452.3,2565.0,2662.65,2650.0,2557.0,1081168,2790897724.7,3264.7,551.45,90266,INE118H01025,2024-06-05T12:01:08.173Z,2024-06-05T12:01:08.173Z,0,,2581.37,05-Jun-2024,
665f0ab02c725cd91e5d00d3,BSE,EQ,N,2024-06-04,2024-06-03T18:30:00.000Z,2701.0,2425.0,2700.0,2557.0,2562.0,2707.9,1783248,4535715550.4,3264.7,551.45,155692,INE118H01025,2024-06-04T12:38:08.668Z,2024-06-04T12:38:08.668Z,0,,2543.51,04-Jun-2024,
665db0845ccce970d6d2f155,BSE,EQ,N,2024-06-03,2024-06-02T18:30:00.000Z,2820.0,2700.0,2799.0,2707.9,2717.0,2693.85,1154936,3170806699.05,3264.7,551.45,99837,INE118H01025,2024-06-03T12:01:08.691Z,2024-06-03T12:01:08.691Z,0,,2745.44,03-Jun-2024,
6659bc030903dbe988ae6654,BSE,EQ,N,2024-05-31,2024-05-30T18:30:00.000Z,2705.0,2509.4,2572.45,2693.85,2690.0,2554.8,1262556,3309048054.5,3264.7,537.2,94524,INE118H01025,2024-05-31T12:01:07.084Z,2024-05-31T12:01:07.084Z,0,,2620.91,31-May-2024,
66586a8407ed5b004a4e525f,BSE,EQ,N,2024-05-30,2024-05-29T18:30:00.000Z,2666.0,2536.3,2640.0,2554.8,2564.0,2637.2,970560,2506884842.6,3264.7,537.2,74900,INE118H01025,2024-05-30T12:01:08.015Z,2024-05-30T12:01:08.015Z,0,,2582.93,30-May-2024,
6657190117d3a16202697b43,BSE,EQ,N,2024-05-29,2024-05-28T18:30:00.000Z,2697.95,2627.35,2690.0,2637.2,2629.0,2702.55,525746,1394688145.3,3264.7,537.2,47007,INE118H01025,2024-05-29T12:01:05.595Z,2024-05-29T12:01:05.595Z,0,,2652.78,29-May-2024,
6655c783a98fb0233572c534,BSE,EQ,N,2024-05-28,2024-05-27T18:30:00.000Z,2726.0,2682.05,2710.0,2702.55,2691.8,2703.5,480894,1300827387.95,3264.7,537.2,38839,INE118H01025,2024-05-28T12:01:07.314Z,2024-05-28T12:01:07.314Z,0,,2705.02,28-May-2024,
665476025dec2f370673bbc7,BSE,EQ,N,2024-05-27,2024-05-26T18:30:00.000Z,2743.8,2652.0,2736.95,2703.5,2700.0,2730.1,669172,1801821885.1,3264.7,537.2,49297,INE118H01025,2024-05-27T12:01:06.538Z,2024-05-27T12:01:06.538Z,0,,2692.61,27-May-2024,
66508181b31262c71f9262cd,BSE,EQ,N,2024-05-24,2024-05-23T18:30:00.000Z,2760.0,2616.95,2630.0,2730.1,2726.25,2613.95,1376926,3708298540.8,3264.7,521.0,90124,INE118H01025,2024-05-24T12:01:05.939Z,2024-05-24T12:01:05.939Z,0,,2693.17,24-May-2024,
664f30001f8ae82623f71a7f,BSE,EQ,N,2024-05-23,2024-05-22T18:30:00.000Z,2683.95,2607.0,2656.5,2613.95,2623.0,2655.85,941843,2477539230.9,3264.7,521.0,83227,INE118H01025,2024-05-23T12:01:04.985Z,2024-05-23T12:01:04.985Z,0,,2630.52,23-May-2024,
664dde829f9c4eeb8b258f96,BSE,EQ,N,2024-05-22,2024-05-21T18:30:00.000Z,2755.0,2651.95,2735.0,2655.85,2653.0,2726.3,1100102,2941610423.15,3264.7,521.0,95931,INE118H01025,2024-05-22T12:01:06.058Z,2024-05-22T12:01:06.058Z,0,,2673.94,22-May-2024,
664c8d00f4259b678e142ce8,BSE,EQ,N,2024-05-21,2024-05-20T18:30:00.000Z,2794.0,2720.0,2794.0,2726.3,2722.9,2794.25,870542,2381745354.2,3264.7,521.0,85190,INE118H01025,2024-05-21T12:01:04.963Z,2024-05-21T12:01:04.963Z,0,,2735.93,21-May-2024,
664898809912ee5938e03176,BSE,EQ,N,2024-05-18,2024-05-17T18:30:00.000Z,2819.9,2788.0,2794.3,2794.25,2796.5,2783.0,111719,312824256.95,3264.7,521.0,7240,INE118H01025,2024-05-18T12:01:04.702Z,2024-05-18T12:01:04.702Z,0,,2800.1,18-May-2024,
664747001aac9600b68ed0c1,BSE,EQ,N,2024-05-17,2024-05-16T18:30:00.000Z,2845.8,2755.05,2820.0,2783.0,2780.0,2818.35,566484,1582342151.75,3264.7,521.0,46744,INE118H01025,2024-05-17T12:01:04.572Z,2024-05-17T12:01:04.572Z,0,,2793.27,17-May-2024,
6645f580f987b8967b7a68f6,BSE,EQ,N,2024-05-16,2024-05-15T18:30:00.000Z,2884.4,2789.0,2884.0,2818.35,2810.0,2840.9,675571,1903968628.75,3264.7,521.0,49909,INE118H01025,2024-05-16T12:01:04.876Z,2024-05-16T12:01:04.876Z,0,,2818.31,16-May-2024,
6644a3fe097aef90e56ed385,BSE,EQ,N,2024-05-15,2024-05-14T18:30:00.000Z,2869.0,2714.75,2717.3,2840.9,2859.0,2682.65,1493504,4192289206.95,3264.7,521.0,93568,INE118H01025,2024-05-15T12:01:02.925Z,2024-05-15T12:01:02.925Z,0,,2807.02,15-May-2024,
664352801b6d8b0c2d267ef9,BSE,EQ,N,2024-05-14,2024-05-13T18:30:00.000Z,2709.95,2600.15,2610.0,2682.65,2705.0,2597.65,736538,1958252548.05,3264.7,521.0,66135,INE118H01025,2024-05-14T12:01:04.513Z,2024-05-14T12:01:04.513Z,0,,2658.73,14-May-2024,
66422b0d942cb33221c5a848,BSE,EQ,N,2024-05-13,2024-05-12T18:30:00.000Z,2675.9,2568.95,2675.9,2597.65,2588.0,2650.0,728997,1901867256.1,3264.7,521.0,56232,INE118H01025,2024-05-13T15:00:29.579Z,2024-05-13T15:00:29.579Z,0,,2608.88,13-May-2024,
663e0c7f46d2e958942fd901,BSE,EQ,N,2024-05-10,2024-05-09T18:30:00.000Z,2749.15,2640.05,2712.5,2650.0,2653.0,2710.15,849344,2270377121.4,3264.7,511.0,66121,INE118H01025,2024-05-10T12:01:03.861Z,2024-05-10T12:01:03.861Z,0,,2673.09,10-May-2024,
663cbafe8d5f264dda5c64ee,BSE,EQ,N,2024-05-09,2024-05-08T18:30:00.000Z,2885.0,2700.0,2791.0,2710.15,2715.0,2819.4,1156845,3215950481.55,3264.7,511.0,88923,INE118H01025,2024-05-09T12:01:02.711Z,2024-05-09T12:01:02.711Z,0,,2779.93,09-May-2024,
663b697fb05680891c26c29c,BSE,EQ,N,2024-05-08,2024-05-07T18:30:00.000Z,2830.0,2770.45,2775.0,2819.4,2815.0,2807.45,554365,1556995882.95,3264.7,511.0,39058,INE118H01025,2024-05-08T12:01:03.730Z,2024-05-08T12:01:03.730Z,0,,2808.61,08-May-2024,
663a17fe9ab26689805f7640,BSE,EQ,N,2024-05-07,2024-05-06T18:30:00.000Z,2855.0,2738.0,2855.0,2807.45,2798.0,2845.2,1027471,2871699876.0,3264.7,511.0,64718,INE118H01025,2024-05-07T12:01:02.940Z,2024-05-07T12:01:02.940Z,0,,2794.92,07-May-2024,
6638c67e2aa5517ac06e8a6a,BSE,EQ,N,2024-05-06,2024-05-05T18:30:00.000Z,2875.0,2775.0,2875.0,2845.2,2846.55,2850.75,772761,2188813971.3,3264.7,511.0,52179,INE118H01025,2024-05-06T12:01:02.562Z,2024-05-06T12:01:02.562Z,0,,2832.46,06-May-2024,
6634d1fe7e95cfc32994221b,BSE,EQ,N,2024-05-03,2024-05-02T18:30:00.000Z,2894.4,2813.35,2887.7,2850.75,2845.0,2858.75,943429,2684779248.8,3264.7,506.5,63304,INE118H01025,2024-05-03T12:01:03.008Z,2024-05-03T12:01:03.008Z,0,,2845.77,03-May-2024,
6633807e069784076a1ea117,BSE,EQ,N,2024-05-02,2024-05-01T18:30:00.000Z,2900.0,2830.0,2872.0,2858.75,2858.0,2790.15,2042181,5852820356.1,3264.7,506.5,110610,INE118H01025,2024-05-02T12:01:02.837Z,2024-05-02T12:01:02.837Z,0,,2865.97,02-May-2024,
6630dd84dc8ebee89219a6e6,BSE,EQ,N,2024-04-30,2024-04-29T18:30:00.000Z,2885.0,2778.0,2824.8,2790.15,2788.0,2771.25,2420498,6824066796.9,3264.7,506.5,140476,INE118H01025,2024-04-30T12:01:08.956Z,2024-04-30T12:01:08.956Z,0,,2819.28,30-Apr-2024,
662f8bf4b8dbde73c7c4df42,BSE,EQ,N,2024-04-29,2024-04-28T18:30:00.000Z,2894.95,2612.1,2728.45,2771.25,2783.0,3210.35,11245177,31033147430.5,3264.7,506.5,472467,INE118H01025,2024-04-29T12:00:52.285Z,2024-04-29T12:00:52.285Z,0,,2759.69,29-Apr-2024,
662b975ce28b7d921598b23a,BSE,EQ,N,2024-04-26,2024-04-25T18:30:00.000Z,3229.8,3111.0,3111.0,3210.35,3214.0,3147.55,877286,2784950828.25,3264.7,452.0,54789,INE118H01025,2024-04-26T12:00:28.573Z,2024-04-26T12:00:28.573Z,0,,3174.51,26-Apr-2024,
662a53f6acbfbee48472b75d,BSE,EQ,N,2024-04-25,2024-04-24T18:30:00.000Z,3223.0,3129.95,3136.0,3147.55,3145.0,3129.95,1234851,3909305096.05,3264.7,452.0,83608,INE118H01025,2024-04-25T13:00:38.227Z,2024-04-25T13:00:38.227Z,0,,3165.81,25-Apr-2024,
6628f485ee264843e70df445,BSE,EQ,N,2024-04-24,2024-04-23T18:30:00.000Z,3264.7,3070.0,3240.85,3129.95,3136.0,3199.85,2127469,6699639769.05,3264.7,452.0,152003,INE118H01025,2024-04-24T12:01:09.794Z,2024-04-24T12:01:09.794Z,0,,3149.11,24-Apr-2024,
6627a2ff801e6af21a905bfd,BSE,EQ,N,2024-04-23,2024-04-22T18:30:00.000Z,3247.4,2870.0,2872.3,3199.85,3220.0,2851.3,4064371,12505155105.9,3247.4,452.0,219036,INE118H01025,2024-04-23T12:01:03.453Z,2024-04-23T12:01:03.453Z,0,,3076.78,23-Apr-2024,
66266b2b8b80d02869c4b6c2,BSE,EQ,N,2024-04-22,2024-04-21T18:30:00.000Z,2870.0,2796.2,2796.2,2851.3,2855.0,2768.55,556708,1586450863.85,2954.9,452.0,42951,INE118H01025,2024-04-22T13:50:35.037Z,2024-04-22T13:50:35.037Z,0,,2849.7,22-Apr-2024,
66225cff337be0542c0099db,BSE,EQ,N,2024-04-19,2024-04-18T18:30:00.000Z,2800.0,2703.25,2742.0,2768.55,2763.8,2781.1,613565,1695039507.0,2954.9,447.2,51165,INE118H01025,2024-04-19T12:01:03.720Z,2024-04-19T12:01:03.720Z,0,,2762.61,19-Apr-2024,
66210b92e76a74aef2218c6d,BSE,EQ,N,2024-04-18,2024-04-17T18:30:00.000Z,2895.5,2745.0,2858.7,2781.1,2795.0,2835.75,730376,2060445577.25,2954.9,447.2,59793,INE118H01025,2024-04-18T12:01:22.600Z,2024-04-18T12:01:22.600Z,0,,2821.08,18-Apr-2024,
661e687fc1cb1b138131fda3,BSE,EQ,N,2024-04-16,2024-04-15T18:30:00.000Z,2854.05,2783.3,2785.0,2835.75,2830.0,2784.25,677174,1920073983.1,2954.9,447.2,50002,INE118H01025,2024-04-16T12:01:03.154Z,2024-04-16T12:01:03.154Z,0,,2835.42,16-Apr-2024,
661d170667f74c7b05bb44ed,BSE,EQ,N,2024-04-15,2024-04-14T18:30:00.000Z,2868.85,2725.0,2746.7,2784.25,2810.0,2828.95,989946,2774835121.95,2954.9,447.2,80239,INE118H01025,2024-04-15T12:01:10.052Z,2024-04-15T12:01:10.052Z,0,,2803.02,15-Apr-2024,
661922600661c0c135aab47b,BSE,EQ,N,2024-04-12,2024-04-11T18:30:00.000Z,2954.9,2815.1,2860.5,2828.95,2836.0,2863.5,1178900,3395917790.1,2954.9,447.2,86643,INE118H01025,2024-04-12T12:00:32.703Z,2024-04-12T12:00:32.703Z,0,,2880.58,12-Apr-2024,
66167f6f10604a87b12eb0c2,BSE,EQ,N,2024-04-10,2024-04-09T18:30:00.000Z,2900.0,2695.7,2745.6,2863.5,2860.0,2745.7,1290460,3660578504.85,2936.0,447.2,87250,INE118H01025,2024-04-10T12:00:47.454Z,2024-04-10T12:00:47.454Z,0,,2836.65,10-Apr-2024,
661551ec5e9189ad01de7b7e,BSE,EQ,N,2024-04-09,2024-04-08T18:30:00.000Z,2812.8,2733.0,2802.0,2745.7,2745.9,2801.7,531266,1465809483.25,2936.0,447.2,46282,INE118H01025,2024-04-09T14:34:20.782Z,2024-04-09T14:34:20.782Z,0,,2759.09,09-Apr-2024,
6613dc7f0e60a36f852fb44a,BSE,EQ,N,2024-04-08,2024-04-07T18:30:00.000Z,2902.7,2770.05,2887.9,2801.7,2802.0,2875.6,790071,2240053654.3,2936.0,447.2,64859,INE118H01025,2024-04-08T12:01:03.618Z,2024-04-08T12:01:03.618Z,0,,2835.26,08-Apr-2024,
661017bfb972bf436f411546,BSE,EQ,N,2024-04-05,2024-04-04T18:30:00.000Z,2935.0,2850.0,2870.0,2875.6,2870.0,2890.2,887938,2565264682.4,2936.0,433.1,73967,INE118H01025,2024-04-05T15:24:47.817Z,2024-04-05T15:24:47.817Z,0,,2889.01,05-Apr-2024,
660e96864c86b12e15540ce8,BSE,EQ,N,2024-04-04,2024-04-03T18:30:00.000Z,2936.0,2776.5,2884.0,2890.2,2886.0,2861.2,1603314,4592133623.35,2936.0,433.1,118876,INE118H01025,2024-04-04T12:01:10.402Z,2024-04-04T12:01:10.402Z,0,,2864.15,04-Apr-2024,
660d4512d68c6c75db4e9a8a,BSE,EQ,N,2024-04-03,2024-04-02T18:30:00.000Z,2880.0,2725.0,2740.0,2861.2,2853.5,2756.35,1548894,4373210627.05,2880.0,433.1,86030,INE118H01025,2024-04-03T12:01:22.406Z,2024-04-03T12:01:22.406Z,0,,2823.44,03-Apr-2024,
660bf35c4a76eba9c31e1847,BSE,EQ,N,2024-04-02,2024-04-01T18:30:00.000Z,2777.1,2671.0,2718.55,2756.35,2751.0,2709.9,1854485,5079095500.35,2777.1,433.1,113760,INE118H01025,2024-04-02T12:00:28.481Z,2024-04-02T12:00:28.481Z,0,,2738.82,02-Apr-2024,
660aa1ffb6a351c2ba40d393,BSE,EQ,N,2024-04-01,2024-03-31T18:30:00.000Z,2724.0,2530.0,2557.4,2709.9,2708.0,2515.9,3093592,8245172202.05,2724.0,433.1,173193,INE118H01025,2024-04-01T12:01:03.113Z,2024-04-01T12:01:03.113Z,0,,2665.24,01-Apr-2024,
66055bff7a3e097b6f8588d8,BSE,EQ,N,2024-03-28,2024-03-27T18:30:00.000Z,2570.0,2415.75,2488.2,2515.9,2525.05,2463.6,1681440,4220872393.45,2598.95,406.2,101884,INE118H01025,2024-03-28T12:01:03.527Z,2024-03-28T12:01:03.527Z,0,,2510.27,28-Mar-2024,
66040cccf79bf22bf30dfd02,BSE,EQ,N,2024-03-27,2024-03-26T18:30:00.000Z,2475.4,2317.0,2332.0,2463.6,2465.2,2310.2,2313292,5605077199.25,2598.95,406.2,122485,INE118H01025,2024-03-27T12:10:52.850Z,2024-03-27T12:10:52.850Z,0,,2422.99,27-Mar-2024,
6602db37f04eb262462f5f4c,BSE,EQ,N,2024-03-26,2024-03-25T18:30:00.000Z,2325.0,2215.0,2224.0,2310.2,2314.9,2197.8,1231753,2811179485.85,2598.95,406.2,81433,INE118H01025,2024-03-26T14:27:03.974Z,2024-03-26T14:27:03.974Z,0,,2282.26,26-Mar-2024,
65fd72dbb19be7cbf8a59348,BSE,EQ,N,2024-03-22,2024-03-21T18:30:00.000Z,2274.9,2190.0,2249.0,2197.8,2197.05,2243.1,629614,1400641580.35,2598.95,406.2,53894,INE118H01025,2024-03-22T12:00:27.925Z,2024-03-22T12:00:27.925Z,0,,2224.6,22-Mar-2024,
65fc217fac280a1df6bce8a4,BSE,EQ,N,2024-03-21,2024-03-20T18:30:00.000Z,2267.2,2075.05,2086.0,2243.1,2253.35,2033.15,2013072,4421160911.75,2598.95,406.2,132888,INE118H01025,2024-03-21T12:01:03.282Z,2024-03-21T12:01:03.282Z,0,,2196.23,21-Mar-2024,
65facfde875450dd91211237,BSE,EQ,N,2024-03-20,2024-03-19T18:30:00.000Z,2040.0,1970.0,1970.0,2033.15,2034.95,1956.65,930282,1871123264.1,2598.95,406.2,75877,INE118H01025,2024-03-20T12:00:30.595Z,2024-03-20T12:00:30.595Z,0,,2011.35,20-Mar-2024,
65f97e7f498fc9e867610047,BSE,EQ,N,2024-03-19,2024-03-18T18:30:00.000Z,2046.0,1941.05,2040.0,1956.65,1956.0,2035.5,702083,1401932427.35,2598.95,406.2,65056,INE118H01025,2024-03-19T12:01:03.472Z,2024-03-19T12:01:03.472Z,0,,1996.82,19-Mar-2024,
65f82cdd232b4b49d102045a,BSE,EQ,N,2024-03-18,2024-03-17T18:30:00.000Z,2077.0,2010.0,2077.0,2035.5,2046.0,2082.4,724749,1470347928.05,2598.95,406.2,55504,INE118H01025,2024-03-18T12:00:29.781Z,2024-03-18T12:00:29.781Z,0,,2028.77,18-Mar-2024,
65f4387f449d8ee9fc012f8e,BSE,EQ,N,2024-03-15,2024-03-14T18:30:00.000Z,2094.5,2026.05,2054.85,2082.4,2059.75,2048.45,478329,986595275.3,2598.95,406.2,42798,INE118H01025,2024-03-15T12:01:03.713Z,2024-03-15T12:01:03.713Z,0,,2062.59,15-Mar-2024,
65f2e6ffba531f76a2e978f4,BSE,EQ,N,2024-03-14,2024-03-13T18:30:00.000Z,2097.95,1973.6,2012.0,2048.45,2058.0,2011.7,800906,1642638966.75,2598.95,406.2,62226,INE118H01025,2024-03-14T12:01:03.107Z,2024-03-14T12:01:03.107Z,0,,2050.98,14-Mar-2024,
65f19562e2a16978fb6ca4ea,BSE,EQ,N,2024-03-13,2024-03-12T18:30:00.000Z,2270.0,1972.45,2240.0,2011.7,2030.0,2148.55,1656939,3500269488.05,2598.95,406.2,134380,INE118H01025,2024-03-13T12:00:34.096Z,2024-03-13T12:00:34.096Z,0,,2112.49,13-Mar-2024,
65f043de249c86c7a88fa45c,BSE,EQ,N,2024-03-12,2024-03-11T18:30:00.000Z,2204.1,2060.0,2204.1,2148.55,2185.0,2204.1,1180130,2510784796.15,2598.95,406.2,105373,INE118H01025,2024-03-12T12:00:30.232Z,2024-03-12T12:00:30.232Z,0,,2127.55,12-Mar-2024,
65ef05b6646a0fb86a142f55,BSE,EQ,N,2024-03-11,2024-03-10T18:30:00.000Z,2243.85,2190.35,2243.85,2204.1,2197.0,2243.85,561381,1241808813.8,2598.95,406.2,74969,INE118H01025,2024-03-11T13:23:02.879Z,2024-03-11T13:23:02.879Z,0,,2212.06,11-Mar-2024,
65e9ac7e3d2532dd72f7b980,BSE,EQ,N,2024-03-07,2024-03-06T18:30:00.000Z,2299.3,2240.0,2284.0,2243.85,2243.0,2299.05,516836,1171206370.95,2598.95,406.2,40506,INE118H01025,2024-03-07T12:01:02.794Z,2024-03-07T12:01:02.794Z,0,,2266.11,07-Mar-2024,
65e85ae0d8972ba31a12e68a,BSE,EQ,N,2024-03-06,2024-03-05T18:30:00.000Z,2330.0,2250.0,2287.0,2299.05,2293.5,2287.0,729870,1667372086.25,2598.95,406.2,43057,INE118H01025,2024-03-06T12:00:32.403Z,2024-03-06T12:00:32.403Z,0,,2284.48,06-Mar-2024,
65e7097f5dbf82f0d70577a2,BSE,EQ,N,2024-03-05,2024-03-04T18:30:00.000Z,2324.3,2274.0,2324.3,2287.0,2291.0,2319.55,318889,730795867.55,2598.95,406.2,35544,INE118H01025,2024-03-05T12:01:03.266Z,2024-03-05T12:01:03.266Z,0,,2291.69,05-Mar-2024,
65e5b7ff3d2532dd72f74519,BSE,EQ,N,2024-03-04,2024-03-03T18:30:00.000Z,2366.0,2310.0,2365.4,2319.55,2315.05,2352.45,254066,590413512.7,2598.95,406.2,33638,INE118H01025,2024-03-04T12:01:03.184Z,2024-03-04T12:01:03.184Z,0,,2323.86,04-Mar-2024,
65e2f19ce343cf897421dc62,BSE,EQ,N,2024-03-02,2024-03-01T18:30:00.000Z,2361.0,2324.6,2340.6,2352.45,2359.0,2336.45,50156,117760008.9,2598.95,406.2,3671,INE118H01025,2024-03-02T09:30:04.786Z,2024-03-02T09:30:04.786Z,0,,2347.87,02-Mar-2024,
65e1c37fc9980b7546122b4e,BSE,EQ,N,2024-03-01,2024-02-29T18:30:00.000Z,2385.9,2325.0,2370.0,2336.45,2336.5,2366.85,643126,1513333870.65,2598.95,406.2,41548,INE118H01025,2024-03-01T12:01:03.608Z,2024-03-01T12:01:03.608Z,0,,2353.09,01-Mar-2024,
65e071fe79a06978a17fbd4a,BSE,EQ,N,2024-02-29,2024-02-28T18:30:00.000Z,2380.0,2287.35,2319.95,2366.85,2371.0,2337.3,399885,936331102.4,2598.95,406.2,38993,INE118H01025,2024-02-29T12:01:02.872Z,2024-02-29T12:01:02.872Z,0,,2341.5,29-Feb-2024,
65df207f3ab4615b76387472,BSE,EQ,N,2024-02-28,2024-02-27T18:30:00.000Z,2420.0,2282.65,2410.0,2337.3,2324.9,2396.1,1037689,2411035995.55,2598.95,406.2,48037,INE118H01025,2024-02-28T12:01:03.140Z,2024-02-28T12:01:03.140Z,0,,2323.47,28-Feb-2024,
65ddcedddc3d5b40c3c1f02d,BSE,EQ,N,2024-02-27,2024-02-26T18:30:00.000Z,2409.1,2280.0,2290.65,2396.1,2399.95,2278.95,1204781,2846554580.5,2598.95,406.2,78756,INE118H01025,2024-02-27T12:00:29.971Z,2024-02-27T12:00:29.971Z,0,,2362.72,27-Feb-2024,
65dc7d5c18353a15cfb0a26c,BSE,EQ,N,2024-02-26,2024-02-25T18:30:00.000Z,2299.0,2251.0,2293.0,2278.95,2278.0,2276.8,329921,751140445.55,2598.95,406.2,47512,INE118H01025,2024-02-26T12:00:28.277Z,2024-02-26T12:00:28.277Z,0,,2276.73,26-Feb-2024,
671bdd8f3d0207f9766f7aa2,BSE,EQ,N,2024-02-23,2024-02-22T18:30:00.000Z,2349.0,2207.0,2224.95,2276.8,2285.0,2200.2,901883,2059172191.65,2598.95,406.2,67982,INE118H01025,2024-10-25T18:03:59.418Z,2024-10-25T18:03:59.418Z,0,,2283.19,23-Feb-2024,
65d7377f42995682861e4470,BSE,EQ,N,2024-02-22,2024-02-21T18:30:00.000Z,2222.85,2159.85,2215.0,2200.2,2202.5,2216.2,468916,1029546737.1,2598.95,406.2,38777,INE118H01025,2024-02-22T12:01:03.085Z,2024-02-22T12:01:03.085Z,0,,2195.59,22-Feb-2024,
65d5e5fff1fbe8e7f6d9cd0c,BSE,EQ,N,2024-02-21,2024-02-20T18:30:00.000Z,2310.9,2190.0,2308.0,2216.2,2197.75,2296.95,559517,1257815263.75,2598.95,406.2,39092,INE118H01025,2024-02-21T12:01:03.205Z,2024-02-21T12:01:03.205Z,0,,2248.04,21-Feb-2024,
65d4945d64fbe6f723b14af6,BSE,EQ,N,2024-02-20,2024-02-19T18:30:00.000Z,2337.0,2294.4,2315.0,2296.95,2298.05,2304.65,241186,557085975.8,2598.95,406.2,22069,INE118H01025,2024-02-20T12:00:29.682Z,2024-02-20T12:00:29.682Z,0,,2309.78,20-Feb-2024,
65d39093c64559bd8f40fed8,BSE,EQ,N,2024-02-19,2024-02-18T18:30:00.000Z,2352.1,2292.0,2320.1,2304.65,2300.0,2303.8,593389,1373230080.5,2598.95,406.2,41335,INE118H01025,2024-02-19T17:32:03.096Z,2024-02-19T17:32:03.096Z,0,,2314.22,19-Feb-2024,
65cf4e7e61aab0774d35aec6,BSE,EQ,N,2024-02-16,2024-02-15T18:30:00.000Z,2344.7,2300.05,2344.0,2303.8,2307.0,2323.8,271213,627955612.75,2598.95,406.2,27887,INE118H01025,2024-02-16T12:01:02.630Z,2024-02-16T12:01:02.630Z,0,,2315.36,16-Feb-2024,
65cdfcff0b93c6793ba3e799,BSE,EQ,N,2024-02-15,2024-02-14T18:30:00.000Z,2382.0,2315.0,2370.0,2323.8,2327.0,2347.2,389194,910343267.45,2598.95,406.2,27073,INE118H01025,2024-02-15T12:01:03.163Z,2024-02-15T12:01:03.163Z,0,,2339.05,15-Feb-2024,
65ccab7eb3b7cee94bb0633a,BSE,EQ,N,2024-02-14,2024-02-13T18:30:00.000Z,2383.3,2275.0,2280.0,2347.2,2350.0,2341.9,304036,710904314.4,2598.95,406.2,26295,INE118H01025,2024-02-14T12:01:02.822Z,2024-02-14T12:01:02.822Z,0,,2338.22,14-Feb-2024,
65cb59dbc77ecab986d0575a,BSE,EQ,N,2024-02-13,2024-02-12T18:30:00.000Z,2398.0,2292.05,2395.0,2341.9,2350.0,2362.25,417393,975992559.5,2598.95,406.2,39234,INE118H01025,2024-02-13T12:00:27.891Z,2024-02-13T12:00:27.891Z,0,,2338.31,13-Feb-2024,
65ca085d3d2c61c7ee71c162,BSE,EQ,N,2024-02-12,2024-02-11T18:30:00.000Z,2505.3,2325.2,2500.0,2362.25,2365.0,2489.6,547944,1320369902.95,2598.95,406.2,50556,INE118H01025,2024-02-12T12:00:29.718Z,2024-02-12T12:00:29.718Z,0,,2409.68,12-Feb-2024,
65c613dd2ce7cc3ec0773030,BSE,EQ,N,2024-02-09,2024-02-08T18:30:00.000Z,2571.0,2407.0,2522.7,2489.6,2480.0,2511.75,765639,1913235611.25,2598.95,406.2,54541,INE118H01025,2024-02-09T12:00:29.804Z,2024-02-09T12:00:29.804Z,0,,2498.87,09-Feb-2024,
65c4c25dc6253a0740166a58,BSE,EQ,N,2024-02-08,2024-02-07T18:30:00.000Z,2532.0,2450.0,2530.0,2511.75,2512.5,2501.8,555013,1386835310.1,2598.95,406.2,45438,INE118H01025,2024-02-08T12:00:29.436Z,2024-02-08T12:00:29.436Z,0,,2498.74,08-Feb-2024,
65c370de9e2fb5b3bd870eee,BSE,EQ,N,2024-02-07,2024-02-06T18:30:00.000Z,2539.95,2432.75,2490.0,2501.8,2509.95,2469.35,798435,1987726666.25,2598.95,406.2,51388,INE118H01025,2024-02-07T12:00:30.060Z,2024-02-07T12:00:30.060Z,0,,2489.53,07-Feb-2024,
65c21f84982ac8e7199ce73d,BSE,EQ,N,2024-02-06,2024-02-05T18:30:00.000Z,2559.0,2380.4,2559.0,2469.35,2470.4,2561.05,1642671,4053911581.3,2598.95,406.2,112899,INE118H01025,2024-02-06T12:01:08.521Z,2024-02-06T12:01:08.521Z,0,,2467.88,06-Feb-2024,
65c0cf2cab72646911a032ea,BSE,EQ,N,2024-02-05,2024-02-04T18:30:00.000Z,2598.95,2480.0,2480.0,2561.05,2569.5,2465.0,1544810,3950303901.85,2598.95,406.2,86510,INE118H01025,2024-02-05T12:06:04.197Z,2024-02-05T12:06:04.197Z,0,,2557.15,05-Feb-2024,
65bcd97e0f5bd530f2a20152,BSE,EQ,N,2024-02-02,2024-02-01T18:30:00.000Z,2518.4,2437.05,2510.0,2465.0,2470.0,2493.45,1019264,2524016974.75,2595.0,406.2,60039,INE118H01025,2024-02-02T12:01:02.972Z,2024-02-02T12:01:02.972Z,0,,2476.31,02-Feb-2024,
65bb87fe4e395d0fc998c626,BSE,EQ,N,2024-02-01,2024-01-31T18:30:00.000Z,2508.0,2340.0,2342.7,2493.45,2478.0,2323.6,2616316,6394493484.0,2595.0,406.2,155135,INE118H01025,2024-02-01T12:01:02.689Z,2024-02-01T12:01:02.689Z,0,,2444.08,01-Feb-2024,
65ba3665ae08d26e80aa897c,BSE,EQ,N,2024-01-31,2024-01-30T18:30:00.000Z,2342.85,2185.0,2209.2,2323.6,2335.0,2187.8,1093722,2493076194.9,2595.0,406.2,74614,INE118H01025,2024-01-31T12:00:37.362Z,2024-01-31T12:00:37.362Z,0,,2279.44,31-Jan-2024,
65b8e4de828d6b3520111739,BSE,EQ,N,2024-01-30,2024-01-29T18:30:00.000Z,2220.0,2137.0,2139.85,2187.8,2198.0,2128.9,754354,1650270851.6,2595.0,406.2,54885,INE118H01025,2024-01-30T12:00:30.027Z,2024-01-30T12:00:30.027Z,0,,2187.66,30-Jan-2024,
65b7937f828d6b352002b8af,BSE,EQ,N,2024-01-29,2024-01-28T18:30:00.000Z,2170.0,2120.1,2132.6,2128.9,2129.95,2121.95,444187,949113508.55,2595.0,406.2,34027,INE118H01025,2024-01-29T12:01:03.594Z,2024-01-29T12:01:03.594Z,0,,2136.74,29-Jan-2024,
65b24d60ed15adb98be7d6ce,BSE,EQ,N,2024-01-25,2024-01-24T18:30:00.000Z,2155.4,2109.05,2112.15,2121.95,2142.0,2112.15,786414,1669108399.1,2595.0,406.2,38349,INE118H01025,2024-01-25T12:00:32.165Z,2024-01-25T12:00:32.165Z,0,,2122.43,25-Jan-2024,
65b0fbdf16e02b4d67f83f89,BSE,EQ,N,2024-01-24,2024-01-23T18:30:00.000Z,2149.65,1980.6,2100.0,2112.15,2099.85,2111.25,1446052,2977777171.7,2595.0,406.2,106633,INE118H01025,2024-01-24T12:00:31.407Z,2024-01-24T12:00:31.407Z,0,,2059.25,24-Jan-2024,
65afaa7ef8104146405a1f55,BSE,EQ,N,2024-01-23,2024-01-22T18:30:00.000Z,2254.0,2100.0,2244.0,2111.25,2113.35,2241.25,930501,2003911931.3,2595.0,406.2,75204,INE118H01025,2024-01-23T12:01:02.493Z,2024-01-23T12:01:02.493Z,0,,2153.58,23-Jan-2024,
65abe14331f9ebde198373bd,BSE,EQ,N,2024-01-20,2024-01-19T18:30:00.000Z,2286.1,2233.6,2286.1,2241.25,2243.1,2275.85,222455,501644662.75,2595.0,406.2,18115,INE118H01025,2024-01-20T15:05:39.046Z,2024-01-20T15:05:39.046Z,0,,2255.04,20-Jan-2024,
65aa64bbf173ca68878c2acd,BSE,EQ,N,2024-01-19,2024-01-18T18:30:00.000Z,2330.0,2245.0,2315.0,2275.85,2285.0,2297.7,515093,1174043390.95,2595.0,406.2,44669,INE118H01025,2024-01-19T12:02:03.107Z,2024-01-19T12:02:03.107Z,0,,2279.28,19-Jan-2024,
65a912de1ba6ed2ab4d22905,BSE,EQ,N,2024-01-18,2024-01-17T18:30:00.000Z,2327.75,2260.0,2292.0,2297.7,2298.0,2287.0,709367,1634863316.65,2595.0,406.2,37285,INE118H01025,2024-01-18T12:00:30.297Z,2024-01-18T12:00:30.297Z,0,,2304.68,18-Jan-2024,
65a7c17f0a0ab95035070a0e,BSE,EQ,N,2024-01-17,2024-01-16T18:30:00.000Z,2355.9,2269.4,2290.0,2287.0,2287.95,2308.75,1131260,2609864070.15,2595.0,406.2,59265,INE118H01025,2024-01-17T12:01:03.295Z,2024-01-17T12:01:03.295Z,0,,2307.04,17-Jan-2024,
65a66fe3b8ccbcfd4c2a0f38,BSE,EQ,N,2024-01-16,2024-01-15T18:30:00.000Z,2320.0,2240.0,2244.0,2308.75,2319.8,2238.35,955213,2190747116.65,2595.0,406.2,49093,INE118H01025,2024-01-16T12:00:35.509Z,2024-01-16T12:00:35.509Z,0,,2293.46,16-Jan-2024,
65a523126b1be37ce45ad90e,BSE,EQ,N,2024-01-15,2024-01-14T18:30:00.000Z,2259.0,2206.25,2237.1,2238.35,2248.0,2237.1,1317601,2954974415.8,2595.0,406.2,47616,INE118H01025,2024-01-15T12:20:34.706Z,2024-01-15T12:20:34.706Z,0,,2242.69,15-Jan-2024,
65a129fe40ce9096768bd0c5,BSE,EQ,N,2024-01-12,2024-01-11T18:30:00.000Z,2266.95,2225.1,2266.0,2237.1,2233.0,2255.8,528824,1185458385.75,2595.0,406.2,29872,INE118H01025,2024-01-12T12:01:02.759Z,2024-01-12T12:01:02.759Z,0,,2241.69,12-Jan-2024,
659fd85dea2187a7f76e8201,BSE,EQ,N,2024-01-11,2024-01-10T18:30:00.000Z,2289.0,2254.1,2265.0,2255.8,2255.0,2259.55,376884,852889414.75,2595.0,406.2,22991,INE118H01025,2024-01-11T12:00:29.936Z,2024-01-11T12:00:29.936Z,0,,2263.0,11-Jan-2024,
659e86dd3207e4f9f5290e92,BSE,EQ,N,2024-01-10,2024-01-09T18:30:00.000Z,2319.9,2242.25,2300.0,2259.55,2259.0,2301.0,463869,1054959420.8,2595.0,406.2,32012,INE118H01025,2024-01-10T12:00:29.745Z,2024-01-10T12:00:29.745Z,0,,2274.26,10-Jan-2024,
659d355dcd960f131d88db44,BSE,EQ,N,2024-01-09,2024-01-08T18:30:00.000Z,2306.0,2277.5,2288.3,2301.0,2300.0,2275.1,416173,954661936.75,2595.0,406.2,37676,INE118H01025,2024-01-09T12:00:29.869Z,2024-01-09T12:00:29.869Z,0,,2293.91,09-Jan-2024,
659be3dd0e4dca342c4d37fb,BSE,EQ,N,2024-01-08,2024-01-07T18:30:00.000Z,2319.95,2263.75,2309.95,2275.1,2272.95,2303.75,835818,1911064535.0,2595.0,406.2,35683,INE118H01025,2024-01-08T12:00:29.467Z,2024-01-08T12:00:29.467Z,0,,2286.46,08-Jan-2024,
6597ef5e81dced1976cdd45c,BSE,EQ,N,2024-01-05,2024-01-04T18:30:00.000Z,2310.0,2271.9,2287.0,2303.75,2309.75,2277.1,531863,1217799805.65,2595.0,406.2,41335,INE118H01025,2024-01-05T12:00:30.151Z,2024-01-05T12:00:30.151Z,0,,2289.69,05-Jan-2024,
65969de08bc6e5de3cccea5d,BSE,EQ,N,2024-01-04,2024-01-03T18:30:00.000Z,2293.95,2240.0,2255.0,2277.1,2278.95,2253.35,490105,1113717347.9,2595.0,406.2,46187,INE118H01025,2024-01-04T12:00:32.840Z,2024-01-04T12:00:32.840Z,0,,2272.41,04-Jan-2024,
65954c7f0920b679ebe59c61,BSE,EQ,N,2024-01-03,2024-01-02T18:30:00.000Z,2274.0,2210.0,2238.8,2253.35,2255.0,2235.95,524120,1179075076.9,2595.0,406.2,36488,INE118H01025,2024-01-03T12:01:03.226Z,2024-01-03T12:01:03.226Z,0,,2249.63,03-Jan-2024,
6593fae5c4132a5d6c53fc14,BSE,EQ,N,2024-01-02,2024-01-01T18:30:00.000Z,2300.0,2200.5,2214.2,2235.95,2236.1,2203.05,934165,2096932709.35,2595.0,406.2,64813,INE118H01025,2024-01-02T12:00:37.395Z,2024-01-02T12:00:37.395Z,0,,2244.71,02-Jan-2024,
6592a97e1f3097105c5a18d0,BSE,EQ,N,2024-01-01,2023-12-31T18:30:00.000Z,2227.75,2190.0,2225.0,2203.05,2201.05,2221.2,488056,1073302552.65,2595.0,406.2,40521,INE118H01025,2024-01-01T12:01:02.692Z,2024-01-01T12:01:02.692Z,0,,2199.14,01-Jan-2024,
