_id,CH_SYMBOL,CH_SERIES,CH_MARKET_TYPE,CH_TRADE_HIGH_PRICE,CH_TRADE_LOW_PRICE,CH_OPENING_PRICE,CH_CLOSING_PRICE,CH_LAST_TRADED_PRICE,CH_PREVIOUS_CLS_PRICE,CH_TOT_TRADED_QTY,CH_TOT_TRADED_VAL,CH_52WEEK_HIGH_PRICE,CH_52WEEK_LOW_PRICE,CH_TOTAL_TRADES,CH_ISIN,CH_TIMESTAMP,TIMESTAMP,createdAt,updatedAt,__v,SLBMH_TOT_VAL,VWAP,mTIMESTAMP
60c200016804760008d0c4e3,KOTAKBANK,EQ,N,2018.75,1987.0,2016.7,1995.6,1995.4,2017.95,2794829,5596399042.7,2027.0,1001.0,90945,INE237A01028,2020-12-31,2020-12-30T18:30:00.000Z,2021-06-10T12:05:21.948Z,2021-06-10T12:05:21.948Z,0,,2002.41,31-Dec-2020
60c1ffed6804760008d0bbd9,KOTAKBANK,EQ,N,2027.0,1999.0,2003.2,2017.95,2018.45,1999.3,2657431,5348952892.3,2027.0,1001.0,88204,INE237A01028,2020-12-30,2020-12-29T18:30:00.000Z,2021-06-10T12:05:01.786Z,2021-06-10T12:05:01.786Z,0,,2012.83,30-Dec-2020
60c1ffd87ad7b200082387c2,KOTAKBANK,EQ,N,2017.0,1983.0,1983.0,1999.3,1998.5,1988.9,3152865,6324522841.0,2017.0,1001.0,104972,INE237A01028,2020-12-29,2020-12-28T18:30:00.000Z,2021-06-10T12:04:40.368Z,2021-06-10T12:04:40.368Z,0,,2005.96,29-Dec-2020
60c1ffc457283a0008f17a96,KOTAKBANK,EQ,N,1996.1,1962.1,1963.0,1988.9,1992.8,1960.6,2743069,5438108518.8,1996.1,1001.0,98946,INE237A01028,2020-12-28,2020-12-27T18:30:00.000Z,2021-06-10T12:04:20.122Z,2021-06-10T12:04:20.122Z,0,,1982.49,28-Dec-2020
60c1ffaef9fddb000867bcdb,KOTAKBANK,EQ,N,1978.0,1917.0,1918.0,1960.6,1958.0,1920.75,3337164,6519935111.85,1978.0,1001.0,103380,INE237A01028,2020-12-24,2020-12-23T18:30:00.000Z,2021-06-10T12:03:58.955Z,2021-06-10T12:03:58.955Z,0,,1953.74,24-Dec-2020
60c1ff997ad7b20008237eb0,KOTAKBANK,EQ,N,1924.8,1892.5,1901.0,1920.75,1919.95,1902.95,2340819,4475684376.85,1969.0,1001.0,95575,INE237A01028,2020-12-23,2020-12-22T18:30:00.000Z,2021-06-10T12:03:37.673Z,2021-06-10T12:03:37.673Z,0,,1912.02,23-Dec-2020
60c1ff8457283a0008f17174,KOTAKBANK,EQ,N,1930.25,1886.1,1930.0,1902.95,1901.05,1920.85,5073744,9685356091.9,1969.0,1001.0,172872,INE237A01028,2020-12-22,2020-12-21T18:30:00.000Z,2021-06-10T12:03:16.178Z,2021-06-10T12:03:16.178Z,0,,1908.92,22-Dec-2020
60c1ff6ff9fddb000867b3bb,KOTAKBANK,EQ,N,1959.0,1907.6,1935.0,1920.85,1912.4,1949.35,3941511,7642582748.7,1969.0,1001.0,130000,INE237A01028,2020-12-21,2020-12-20T18:30:00.000Z,2021-06-10T12:02:55.638Z,2021-06-10T12:02:55.638Z,0,,1939.0,21-Dec-2020
60c1ff5a6804760008d0b298,KOTAKBANK,EQ,N,1963.8,1921.35,1963.8,1949.35,1941.1,1965.45,3371676,6548128656.2,1969.0,1001.0,131696,INE237A01028,2020-12-18,2020-12-17T18:30:00.000Z,2021-06-10T12:02:34.885Z,2021-06-10T12:02:34.885Z,0,,1942.1,18-Dec-2020
60c1ff456804760008d0a972,KOTAKBANK,EQ,N,1969.0,1942.55,1965.0,1965.45,1964.0,1952.55,3460370,6764063345.85,1969.0,1001.0,119296,INE237A01028,2020-12-17,2020-12-16T18:30:00.000Z,2021-06-10T12:02:13.483Z,2021-06-10T12:02:13.483Z,0,,1954.72,17-Dec-2020
60c1ff307ad7b2000823758d,KOTAKBANK,EQ,N,1965.0,1936.55,1965.0,1952.55,1951.0,1951.15,2764698,5386765566.25,1965.0,1001.0,117822,INE237A01028,2020-12-16,2020-12-15T18:30:00.000Z,2021-06-10T12:01:53.008Z,2021-06-10T12:01:53.008Z,0,,1948.41,16-Dec-2020
60c1ff1c57283a0008f1685b,KOTAKBANK,EQ,N,1958.0,1919.3,1948.0,1951.15,1945.05,1939.35,4141898,8044408631.85,1958.0,1001.0,149161,INE237A01028,2020-12-15,2020-12-14T18:30:00.000Z,2021-06-10T12:01:32.461Z,2021-06-10T12:01:32.461Z,0,,1942.2,15-Dec-2020
60c1ff07f9fddb000867aa9b,KOTAKBANK,EQ,N,1946.9,1899.0,1934.0,1939.35,1943.35,1920.4,3456971,6649589694.4,1948.4,1001.0,112465,INE237A01028,2020-12-14,2020-12-13T18:30:00.000Z,2021-06-10T12:01:11.429Z,2021-06-10T12:01:11.429Z,0,,1923.53,14-Dec-2020
60c1fef26804760008d0a06c,KOTAKBANK,EQ,N,1928.7,1893.5,1893.5,1920.4,1919.65,1903.3,5466598,10469543705.95,1948.4,1001.0,160468,INE237A01028,2020-12-11,2020-12-10T18:30:00.000Z,2021-06-10T12:00:50.924Z,2021-06-10T12:00:50.924Z,0,,1915.18,11-Dec-2020
60c1fede7ad7b20008236c4e,KOTAKBANK,EQ,N,1919.9,1859.85,1900.0,1903.3,1905.0,1883.55,4695216,8872093056.7,1948.4,1001.0,129345,INE237A01028,2020-12-10,2020-12-09T18:30:00.000Z,2021-06-10T12:00:30.359Z,2021-06-10T12:00:30.359Z,0,,1889.6,10-Dec-2020
60c1fec97ad7b20008236309,KOTAKBANK,EQ,N,1889.0,1836.1,1836.1,1883.55,1882.6,1833.8,4370644,8154589765.35,1948.4,1001.0,135283,INE237A01028,2020-12-09,2020-12-08T18:30:00.000Z,2021-06-10T12:00:09.165Z,2021-06-10T12:00:09.165Z,0,,1865.76,09-Dec-2020
60c1feb457283a0008f15f0a,KOTAKBANK,EQ,N,1839.0,1817.25,1832.3,1833.8,1834.0,1820.55,3953436,7241877253.2,1948.4,1001.0,117415,INE237A01028,2020-12-08,2020-12-07T18:30:00.000Z,2021-06-10T11:59:48.084Z,2021-06-10T11:59:48.084Z,0,,1831.79,08-Dec-2020
60c1fe9ef9fddb000867a167,KOTAKBANK,EQ,N,1856.0,1805.0,1849.45,1820.55,1821.15,1846.25,6032173,10996315497.95,1948.4,1001.0,258826,INE237A01028,2020-12-07,2020-12-06T18:30:00.000Z,2021-06-10T11:59:26.594Z,2021-06-10T11:59:26.594Z,0,,1822.94,07-Dec-2020
60c1fe896804760008d09717,KOTAKBANK,EQ,N,1857.0,1802.4,1828.0,1846.25,1854.0,1821.0,3989431,7296038745.2,1948.4,1001.0,170610,INE237A01028,2020-12-04,2020-12-03T18:30:00.000Z,2021-06-10T11:59:05.271Z,2021-06-10T11:59:05.271Z,0,,1828.84,04-Dec-2020
60c1fe746804760008d08d84,KOTAKBANK,EQ,N,1844.0,1811.7,1836.0,1821.0,1825.0,1814.2,4462528,8154477109.45,1948.4,1001.0,159951,INE237A01028,2020-12-03,2020-12-02T18:30:00.000Z,2021-06-10T11:58:44.184Z,2021-06-10T11:58:44.184Z,0,,1827.32,03-Dec-2020
60c1fe5f7ad7b20008235964,KOTAKBANK,EQ,N,1883.65,1809.0,1880.0,1814.2,1813.0,1875.85,7458011,13678926933.9,1948.4,1001.0,223059,INE237A01028,2020-12-02,2020-12-01T18:30:00.000Z,2021-06-10T11:58:23.491Z,2021-06-10T11:58:23.491Z,0,,1834.13,02-Dec-2020
60c1fe4a57283a0008f155bf,KOTAKBANK,EQ,N,1930.0,1864.55,1930.0,1875.85,1876.1,1907.1,7955798,15012468288.05,1948.4,1001.0,180739,INE237A01028,2020-12-01,2020-11-30T18:30:00.000Z,2021-06-10T11:58:02.858Z,2021-06-10T11:58:02.858Z,0,,1886.98,01-Dec-2020
60c1fe35f9fddb0008679854,KOTAKBANK,EQ,N,1925.15,1846.95,1895.0,1907.1,1885.3,1889.1,78702124,149822190642.75,1948.4,1001.0,492654,INE237A01028,2020-11-27,2020-11-26T18:30:00.000Z,2021-06-10T11:57:41.772Z,2021-06-10T11:57:41.772Z,0,,1903.66,27-Nov-2020
60c1fe216804760008d08409,KOTAKBANK,EQ,N,1900.05,1850.05,1875.0,1889.1,1889.95,1862.45,6864571,12854389799.35,1948.4,1001.0,282355,INE237A01028,2020-11-26,2020-11-25T18:30:00.000Z,2021-06-10T11:57:21.335Z,2021-06-10T11:57:21.335Z,0,,1872.57,26-Nov-2020
60c1fe0cf9fddb0008678f5d,KOTAKBANK,EQ,N,1939.0,1853.1,1939.0,1862.45,1867.7,1924.9,6837169,12914173916.05,1948.4,1001.0,268292,INE237A01028,2020-11-25,2020-11-24T18:30:00.000Z,2021-06-10T11:57:00.931Z,2021-06-10T11:57:00.931Z,0,,1888.82,25-Nov-2020
60c1fdf757283a0008f14c9a,KOTAKBANK,EQ,N,1948.4,1890.85,1896.0,1924.9,1927.95,1897.85,8949886,17243534107.45,1948.4,1001.0,249586,INE237A01028,2020-11-24,2020-11-23T18:30:00.000Z,2021-06-10T11:56:39.562Z,2021-06-10T11:56:39.562Z,0,,1926.68,24-Nov-2020
60c1fde2f9fddb000867864a,KOTAKBANK,EQ,N,1905.3,1871.15,1892.4,1897.85,1896.3,1889.4,10443439,19731132299.5,1905.3,1001.0,284397,INE237A01028,2020-11-23,2020-11-22T18:30:00.000Z,2021-06-10T11:56:18.607Z,2021-06-10T11:56:18.607Z,0,,1889.33,23-Nov-2020
60c1fdcd6804760008d07b08,KOTAKBANK,EQ,N,1899.0,1812.1,1820.0,1889.4,1882.0,1826.35,9116266,16973878416.65,1899.0,1001.0,296738,INE237A01028,2020-11-20,2020-11-19T18:30:00.000Z,2021-06-10T11:55:57.159Z,2021-06-10T11:55:57.159Z,0,,1861.93,20-Nov-2020
60c1fdb857283a0008f1430e,KOTAKBANK,EQ,N,1860.7,1816.05,1819.0,1826.35,1824.2,1830.6,8717768,16066434409.75,1860.7,1001.0,167717,INE237A01028,2020-11-19,2020-11-18T18:30:00.000Z,2021-06-10T11:55:36.232Z,2021-06-10T11:55:36.232Z,0,,1842.95,19-Nov-2020
60c1fda257283a0008f139be,KOTAKBANK,EQ,N,1849.8,1784.15,1791.5,1830.6,1828.0,1796.65,6175248,11264704744.5,1849.8,1001.0,155451,INE237A01028,2020-11-18,2020-11-17T18:30:00.000Z,2021-06-10T11:55:14.734Z,2021-06-10T11:55:14.734Z,0,,1824.17,18-Nov-2020
60c1fd8ef9fddb0008677d59,KOTAKBANK,EQ,N,1802.0,1764.5,1771.8,1796.65,1797.0,1770.55,5826745,10400492652.85,1818.45,1001.0,187455,INE237A01028,2020-11-17,2020-11-16T18:30:00.000Z,2021-06-10T11:54:54.320Z,2021-06-10T11:54:54.320Z,0,,1784.96,17-Nov-2020
60c1fd796804760008d0731b,KOTAKBANK,EQ,N,1775.0,1764.9,1773.95,1770.55,1770.9,1763.3,310853,550656979.5,1818.45,1001.0,14873,INE237A01028,2020-11-14,2020-11-13T18:30:00.000Z,2021-06-10T11:54:33.289Z,2021-06-10T11:54:33.289Z,0,,1771.44,14-Nov-2020
60c1fd64f9fddb0008677466,KOTAKBANK,EQ,N,1774.8,1720.35,1749.9,1763.3,1758.45,1754.75,6264556,10987700554.35,1818.45,1001.0,163520,INE237A01028,2020-11-13,2020-11-12T18:30:00.000Z,2021-06-10T11:54:12.655Z,2021-06-10T11:54:12.655Z,0,,1753.95,13-Nov-2020
60c1fd4f7ad7b20008235052,KOTAKBANK,EQ,N,1799.0,1748.45,1799.0,1754.75,1756.3,1807.85,6775199,11966561906.55,1818.45,1001.0,272394,INE237A01028,2020-11-12,2020-11-11T18:30:00.000Z,2021-06-10T11:53:52.009Z,2021-06-10T11:53:52.009Z,0,,1766.23,12-Nov-2020
60c1fd3b57283a0008f13106,KOTAKBANK,EQ,N,1818.45,1760.0,1774.0,1807.85,1804.95,1752.95,10534339,18919501258.8,1818.45,1001.0,305618,INE237A01028,2020-11-11,2020-11-10T18:30:00.000Z,2021-06-10T11:53:31.670Z,2021-06-10T11:53:31.670Z,0,,1795.98,11-Nov-2020
60c1fd266804760008d06ac8,KOTAKBANK,EQ,N,1794.45,1725.45,1731.0,1752.95,1756.0,1728.15,8003823,14063849317.0,1794.45,1001.0,292810,INE237A01028,2020-11-10,2020-11-09T18:30:00.000Z,2021-06-10T11:53:10.201Z,2021-06-10T11:53:10.201Z,0,,1757.14,10-Nov-2020
60c1fd117ad7b20008234762,KOTAKBANK,EQ,N,1751.8,1700.3,1730.0,1728.15,1727.5,1718.05,5210211,9004360363.3,1751.8,1001.0,170262,INE237A01028,2020-11-09,2020-11-08T18:30:00.000Z,2021-06-10T11:52:49.653Z,2021-06-10T11:52:49.653Z,0,,1728.21,09-Nov-2020
60c1fcfcf9fddb0008676bb3,KOTAKBANK,EQ,N,1725.0,1650.0,1660.0,1718.05,1714.0,1675.45,5957659,10072033210.7,1740.0,1001.0,162224,INE237A01028,2020-11-06,2020-11-05T18:30:00.000Z,2021-06-10T11:52:28.430Z,2021-06-10T11:52:28.430Z,0,,1690.6,06-Nov-2020
60c1fce757283a0008f1282b,KOTAKBANK,EQ,N,1680.0,1632.05,1643.0,1675.45,1672.6,1630.7,6074505,10078460045.3,1740.0,1001.0,211847,INE237A01028,2020-11-05,2020-11-04T18:30:00.000Z,2021-06-10T11:52:07.301Z,2021-06-10T11:52:07.301Z,0,,1659.14,05-Nov-2020
60c1fcd16804760008d06152,KOTAKBANK,EQ,N,1635.8,1578.0,1589.0,1630.7,1627.95,1593.6,5088061,8172400796.4,1740.0,1001.0,167575,INE237A01028,2020-11-04,2020-11-03T18:30:00.000Z,2021-06-10T11:51:45.777Z,2021-06-10T11:51:45.777Z,0,,1606.19,04-Nov-2020
60c1fcbd6804760008d05858,KOTAKBANK,EQ,N,1601.5,1570.2,1581.0,1593.6,1593.0,1580.7,5260618,8368268873.25,1740.0,1001.0,238472,INE237A01028,2020-11-03,2020-11-02T18:30:00.000Z,2021-06-10T11:51:25.094Z,2021-06-10T11:51:25.094Z,0,,1590.74,03-Nov-2020
60c1fca86804760008d04fba,KOTAKBANK,EQ,N,1604.8,1534.8,1555.0,1580.7,1575.0,1547.4,5712460,8984791106.4,1740.0,1001.0,210630,INE237A01028,2020-11-02,2020-11-01T18:30:00.000Z,2021-06-10T11:51:04.646Z,2021-06-10T11:51:04.646Z,0,,1572.84,02-Nov-2020
60c1fc937ad7b20008233f16,KOTAKBANK,EQ,N,1574.65,1518.6,1574.0,1547.4,1545.0,1570.9,4201984,6490882432.65,1740.0,1001.0,170864,INE237A01028,2020-10-30,2020-10-29T18:30:00.000Z,2021-06-10T11:50:43.251Z,2021-06-10T11:50:43.251Z,0,,1544.72,30-Oct-2020
60c1fc7e57283a0008f11f52,KOTAKBANK,EQ,N,1588.8,1525.0,1532.0,1570.9,1569.0,1551.35,7286144,11423667633.5,1740.0,1001.0,309048,INE237A01028,2020-10-29,2020-10-28T18:30:00.000Z,2021-06-10T11:50:22.912Z,2021-06-10T11:50:22.912Z,0,,1567.86,29-Oct-2020
60c1fc6af9fddb0008676305,KOTAKBANK,EQ,N,1575.0,1541.0,1575.0,1551.35,1556.0,1587.65,7245009,11266717088.05,1740.0,1001.0,233464,INE237A01028,2020-10-28,2020-10-27T18:30:00.000Z,2021-06-10T11:50:02.394Z,2021-06-10T11:50:02.394Z,0,,1555.1,28-Oct-2020
60c1fc557ad7b20008233697,KOTAKBANK,EQ,N,1602.0,1452.5,1452.5,1587.65,1582.7,1416.9,33167143,51267409759.25,1740.0,1001.0,846705,INE237A01028,2020-10-27,2020-10-26T18:30:00.000Z,2021-06-10T11:49:41.048Z,2021-06-10T11:49:41.048Z,0,,1545.73,27-Oct-2020
60c1fc4057283a0008f11665,KOTAKBANK,EQ,N,1429.0,1347.35,1399.0,1416.9,1410.55,1383.05,8022562,11156819465.3,1740.0,1001.0,224935,INE237A01028,2020-10-26,2020-10-25T18:30:00.000Z,2021-06-10T11:49:20.652Z,2021-06-10T11:49:20.652Z,0,,1390.68,26-Oct-2020
60c1fc2cf9fddb0008675a60,KOTAKBANK,EQ,N,1407.7,1378.25,1400.0,1383.05,1385.65,1393.05,2385861,3313806287.7,1740.0,1001.0,81877,INE237A01028,2020-10-23,2020-10-22T18:30:00.000Z,2021-06-10T11:49:00.243Z,2021-06-10T11:49:00.243Z,0,,1388.94,23-Oct-2020
60c1fc166804760008d0472a,KOTAKBANK,EQ,N,1405.0,1377.55,1388.0,1393.05,1391.5,1393.3,3610102,5025789759.75,1740.0,1001.0,125829,INE237A01028,2020-10-22,2020-10-21T18:30:00.000Z,2021-06-10T11:48:38.852Z,2021-06-10T11:48:38.852Z,0,,1392.15,22-Oct-2020
60c1fc017ad7b20008232dc9,KOTAKBANK,EQ,N,1400.0,1358.65,1375.0,1393.3,1392.25,1368.8,4280457,5921923198.9,1740.0,1001.0,132587,INE237A01028,2020-10-21,2020-10-20T18:30:00.000Z,2021-06-10T11:48:17.625Z,2021-06-10T11:48:17.625Z,0,,1383.48,21-Oct-2020
60c1fbec57283a0008f10db4,KOTAKBANK,EQ,N,1386.0,1355.5,1371.7,1368.8,1369.1,1376.7,3228111,4433674875.35,1740.0,1001.0,98492,INE237A01028,2020-10-20,2020-10-19T18:30:00.000Z,2021-06-10T11:47:56.372Z,2021-06-10T11:47:56.372Z,0,,1373.46,20-Oct-2020
60c1fbd66804760008d03e72,KOTAKBANK,EQ,N,1380.0,1333.5,1350.0,1376.7,1374.9,1336.55,3971028,5420828638.05,1740.0,1001.0,129414,INE237A01028,2020-10-19,2020-10-18T18:30:00.000Z,2021-06-10T11:47:34.939Z,2021-06-10T11:47:34.939Z,0,,1365.09,19-Oct-2020
60c1fbc1f9fddb00086751ba,KOTAKBANK,EQ,N,1343.3,1308.5,1308.5,1336.55,1336.45,1309.55,2358054,3137061350.25,1740.0,1001.0,68748,INE237A01028,2020-10-16,2020-10-15T18:30:00.000Z,2021-06-10T11:47:13.757Z,2021-06-10T11:47:13.757Z,0,,1330.36,16-Oct-2020
60c1fbad6804760008d035c2,KOTAKBANK,EQ,N,1365.95,1301.25,1353.35,1309.55,1307.0,1353.35,3496590,4672697122.6,1740.0,1001.0,89533,INE237A01028,2020-10-15,2020-10-14T18:30:00.000Z,2021-06-10T11:46:53.176Z,2021-06-10T11:46:53.176Z,0,,1336.36,15-Oct-2020
60c1fb987ad7b20008232528,KOTAKBANK,EQ,N,1358.0,1324.15,1335.25,1353.35,1355.0,1344.95,3358472,4500054967.85,1740.0,1001.0,89962,INE237A01028,2020-10-14,2020-10-13T18:30:00.000Z,2021-06-10T11:46:32.605Z,2021-06-10T11:46:32.605Z,0,,1339.91,14-Oct-2020
60c1fb83f9fddb0008674918,KOTAKBANK,EQ,N,1349.7,1307.2,1319.65,1344.95,1341.1,1312.9,4872154,6491652764.35,1740.0,1001.0,111935,INE237A01028,2020-10-13,2020-10-12T18:30:00.000Z,2021-06-10T11:46:11.485Z,2021-06-10T11:46:11.485Z,0,,1332.4,13-Oct-2020
60c1fb6e6804760008d02d05,KOTAKBANK,EQ,N,1358.2,1307.5,1328.0,1312.9,1312.85,1319.85,5175329,6905125236.5,1740.0,1001.0,118439,INE237A01028,2020-10-12,2020-10-11T18:30:00.000Z,2021-06-10T11:45:50.792Z,2021-06-10T11:45:50.792Z,0,,1334.24,12-Oct-2020
60c1fb5a6804760008d02431,KOTAKBANK,EQ,N,1338.25,1305.6,1323.0,1319.85,1321.9,1320.1,5312701,7022076977.1,1740.0,1001.0,109864,INE237A01028,2020-10-09,2020-10-08T18:30:00.000Z,2021-06-10T11:45:30.465Z,2021-06-10T11:45:30.465Z,0,,1321.75,09-Oct-2020
60c1fb457ad7b20008231c54,KOTAKBANK,EQ,N,1341.25,1311.25,1326.5,1320.1,1320.0,1324.7,5171263,6872304175.1,1740.0,1001.0,179888,INE237A01028,2020-10-08,2020-10-07T18:30:00.000Z,2021-06-10T11:45:09.248Z,2021-06-10T11:45:09.248Z,0,,1328.94,08-Oct-2020
60c1fb307ad7b2000823134c,KOTAKBANK,EQ,N,1340.0,1321.85,1339.9,1324.7,1325.0,1338.25,2834734,3770749149.1,1740.0,1001.0,99777,INE237A01028,2020-10-07,2020-10-06T18:30:00.000Z,2021-06-10T11:44:48.499Z,2021-06-10T11:44:48.499Z,0,,1330.2,07-Oct-2020
60c1fb1b57283a0008f104db,KOTAKBANK,EQ,N,1342.0,1311.05,1325.0,1338.25,1336.0,1314.6,2632531,3488523837.5,1740.0,1001.0,164643,INE237A01028,2020-10-06,2020-10-05T18:30:00.000Z,2021-06-10T11:44:27.185Z,2021-06-10T11:44:27.185Z,0,,1325.16,06-Oct-2020
60c1fb0657283a0008f0fc08,KOTAKBANK,EQ,N,1333.7,1308.6,1310.0,1314.6,1312.95,1305.05,3860011,5102417253.15,1740.0,1001.0,92732,INE237A01028,2020-10-05,2020-10-04T18:30:00.000Z,2021-06-10T11:44:06.044Z,2021-06-10T11:44:06.044Z,0,,1321.87,05-Oct-2020
60c1faf0f9fddb0008674068,KOTAKBANK,EQ,N,1309.8,1278.9,1280.0,1305.05,1306.0,1268.2,3162424,4110112607.65,1740.0,1001.0,83451,INE237A01028,2020-10-01,2020-09-30T18:30:00.000Z,2021-06-10T11:43:44.515Z,2021-06-10T11:43:44.515Z,0,,1299.67,01-Oct-2020
60c1fadcf9fddb00086737ad,KOTAKBANK,EQ,N,1276.95,1252.0,1263.25,1268.2,1266.7,1263.25,2950621,3725237000.2,1740.0,1001.0,88466,INE237A01028,2020-09-30,2020-09-29T18:30:00.000Z,2021-06-10T11:43:24.347Z,2021-06-10T11:43:24.347Z,0,,1262.53,30-Sep-2020
60c1fac77ad7b20008230a30,KOTAKBANK,EQ,N,1292.9,1259.1,1286.8,1263.25,1264.4,1278.7,2349689,2985980290.0,1740.0,1001.0,81307,INE237A01028,2020-09-29,2020-09-28T18:30:00.000Z,2021-06-10T11:43:03.593Z,2021-06-10T11:43:03.593Z,0,,1270.8,29-Sep-2020
60c1fab2f9fddb0008672ec4,KOTAKBANK,EQ,N,1283.95,1253.65,1258.0,1278.7,1282.0,1253.05,1892118,2412288313.85,1740.0,1001.0,74284,INE237A01028,2020-09-28,2020-09-27T18:30:00.000Z,2021-06-10T11:42:42.382Z,2021-06-10T11:42:42.382Z,0,,1274.91,28-Sep-2020
60c1fa9d57283a0008f0f374,KOTAKBANK,EQ,N,1258.4,1230.6,1255.05,1253.05,1252.0,1246.1,3640049,4529986626.7,1740.0,1001.0,122858,INE237A01028,2020-09-25,2020-09-24T18:30:00.000Z,2021-06-10T11:42:21.695Z,2021-06-10T11:42:21.695Z,0,,1244.49,25-Sep-2020
60c1fa897ad7b20008230188,KOTAKBANK,EQ,N,1284.9,1236.0,1267.0,1246.1,1240.05,1275.4,5616236,7110390186.1,1740.0,1001.0,175332,INE237A01028,2020-09-24,2020-09-23T18:30:00.000Z,2021-06-10T11:42:01.272Z,2021-06-10T11:42:01.272Z,0,,1266.04,24-Sep-2020
60c1fa7457283a0008f0eacd,KOTAKBANK,EQ,N,1287.45,1265.15,1280.05,1275.4,1278.5,1270.55,2835350,3620612309.2,1740.0,1001.0,102644,INE237A01028,2020-09-23,2020-09-22T18:30:00.000Z,2021-06-10T11:41:40.094Z,2021-06-10T11:41:40.094Z,0,,1276.95,23-Sep-2020
60c1fa5ff9fddb0008672608,KOTAKBANK,EQ,N,1301.5,1261.7,1288.05,1270.55,1275.0,1287.85,4238325,5440646161.1,1740.0,1001.0,172031,INE237A01028,2020-09-22,2020-09-21T18:30:00.000Z,2021-06-10T11:41:19.706Z,2021-06-10T11:41:19.706Z,0,,1283.68,22-Sep-2020
60c1fa4a6804760008d01b68,KOTAKBANK,EQ,N,1319.45,1273.15,1276.0,1287.85,1281.85,1277.1,6859866,8918301373.3,1740.0,1001.0,144155,INE237A01028,2020-09-21,2020-09-20T18:30:00.000Z,2021-06-10T11:40:58.368Z,2021-06-10T11:40:58.368Z,0,,1300.07,21-Sep-2020
60c1fa357ad7b2000822f8f4,KOTAKBANK,EQ,N,1314.0,1262.5,1313.1,1277.1,1281.0,1305.1,6529412,8394115191.4,1740.0,1001.0,187609,INE237A01028,2020-09-18,2020-09-17T18:30:00.000Z,2021-06-10T11:40:37.231Z,2021-06-10T11:40:37.231Z,0,,1285.59,18-Sep-2020
60c1fa2057283a0008f0e208,KOTAKBANK,EQ,N,1326.6,1301.2,1315.0,1305.1,1306.0,1325.4,3309015,4339437178.15,1740.0,1001.0,91878,INE237A01028,2020-09-17,2020-09-16T18:30:00.000Z,2021-06-10T11:40:16.028Z,2021-06-10T11:40:16.028Z,0,,1311.4,17-Sep-2020
60c1fa0b7ad7b2000822efb2,KOTAKBANK,EQ,N,1332.0,1300.55,1324.0,1325.4,1326.75,1323.95,3285937,4344150218.35,1740.0,1001.0,138376,INE237A01028,2020-09-16,2020-09-15T18:30:00.000Z,2021-06-10T11:39:55.439Z,2021-06-10T11:39:55.439Z,0,,1322.04,16-Sep-2020
60c1f9f66804760008d01349,KOTAKBANK,EQ,N,1328.85,1289.0,1308.1,1323.95,1327.0,1304.7,5029913,6572901468.85,1740.0,1001.0,174657,INE237A01028,2020-09-15,2020-09-14T18:30:00.000Z,2021-06-10T11:39:34.362Z,2021-06-10T11:39:34.362Z,0,,1306.76,15-Sep-2020
60c1f9e157283a0008f0d8fd,KOTAKBANK,EQ,N,1347.95,1300.0,1337.0,1304.7,1305.4,1330.35,3891183,5139653504.95,1740.0,1001.0,154935,INE237A01028,2020-09-14,2020-09-13T18:30:00.000Z,2021-06-10T11:39:13.404Z,2021-06-10T11:39:13.404Z,0,,1320.85,14-Sep-2020
60c1f9ccf9fddb0008671d58,KOTAKBANK,EQ,N,1336.2,1311.0,1317.0,1330.35,1332.45,1319.5,3500326,4645129685.0,1740.0,1001.0,138324,INE237A01028,2020-09-11,2020-09-10T18:30:00.000Z,2021-06-10T11:38:52.745Z,2021-06-10T11:38:52.745Z,0,,1327.06,11-Sep-2020
60c1f9b86804760008d00af6,KOTAKBANK,EQ,N,1343.05,1315.1,1330.0,1319.5,1320.45,1326.15,3289998,4371385546.2,1740.0,1001.0,135132,INE237A01028,2020-09-10,2020-09-09T18:30:00.000Z,2021-06-10T11:38:32.092Z,2021-06-10T11:38:32.092Z,0,,1328.69,10-Sep-2020
60c1f9a37ad7b2000822e68c,KOTAKBANK,EQ,N,1350.25,1313.1,1343.0,1326.15,1326.35,1350.7,3443401,4571741659.5,1740.0,1001.0,120273,INE237A01028,2020-09-09,2020-09-08T18:30:00.000Z,2021-06-10T11:38:11.092Z,2021-06-10T11:38:11.092Z,0,,1327.68,09-Sep-2020
60c1f98e57283a0008f0cfef,KOTAKBANK,EQ,N,1372.15,1347.7,1371.9,1350.7,1350.0,1368.75,2823919,3827962677.35,1740.0,1001.0,116482,INE237A01028,2020-09-08,2020-09-07T18:30:00.000Z,2021-06-10T11:37:50.836Z,2021-06-10T11:37:50.836Z,0,,1355.55,08-Sep-2020
60c1f97a7ad7b2000822dcf1,KOTAKBANK,EQ,N,1379.0,1356.4,1379.0,1368.75,1372.0,1380.05,2321552,3177645380.75,1740.0,1001.0,80233,INE237A01028,2020-09-07,2020-09-06T18:30:00.000Z,2021-06-10T11:37:30.601Z,2021-06-10T11:37:30.601Z,0,,1368.76,07-Sep-2020
60c1f96457283a0008f0c688,KOTAKBANK,EQ,N,1394.7,1354.0,1380.0,1380.05,1384.0,1396.7,4101756,5641965268.25,1740.0,1001.0,158180,INE237A01028,2020-09-04,2020-09-03T18:30:00.000Z,2021-06-10T11:37:08.896Z,2021-06-10T11:37:08.896Z,0,,1375.5,04-Sep-2020
60c1f94ff9fddb00086713fa,KOTAKBANK,EQ,N,1437.0,1390.0,1433.8,1396.7,1399.8,1423.5,2395159,3388840006.35,1740.0,1001.0,117317,INE237A01028,2020-09-03,2020-09-02T18:30:00.000Z,2021-06-10T11:36:47.457Z,2021-06-10T11:36:47.457Z,0,,1414.87,03-Sep-2020
60c1f93af9fddb0008670a0c,KOTAKBANK,EQ,N,1437.5,1407.15,1425.0,1423.5,1420.75,1430.65,3325250,4729412458.55,1740.0,1001.0,105686,INE237A01028,2020-09-02,2020-09-01T18:30:00.000Z,2021-06-10T11:36:26.236Z,2021-06-10T11:36:26.236Z,0,,1422.27,02-Sep-2020
60c1f9246804760008d002e4,KOTAKBANK,EQ,N,1442.0,1386.1,1419.85,1430.65,1430.5,1401.35,4258229,6032764135.75,1740.0,1001.0,140999,INE237A01028,2020-09-01,2020-08-31T18:30:00.000Z,2021-06-10T11:36:04.543Z,2021-06-10T11:36:04.543Z,0,,1416.73,01-Sep-2020
60c1f90f7ad7b2000822d306,KOTAKBANK,EQ,N,1501.5,1374.0,1488.0,1401.35,1398.0,1467.1,6973853,9976979302.25,1740.0,1001.0,204986,INE237A01028,2020-08-31,2020-08-30T18:30:00.000Z,2021-06-10T11:35:43.426Z,2021-06-10T11:35:43.426Z,0,,1430.63,31-Aug-2020
60c1f8fa6804760008cffa3c,KOTAKBANK,EQ,N,1474.0,1401.0,1410.0,1467.1,1472.55,1420.0,10645875,15327979688.15,1740.0,1001.0,253350,INE237A01028,2020-08-28,2020-08-27T18:30:00.000Z,2021-06-10T11:35:22.740Z,2021-06-10T11:35:22.740Z,0,,1439.8,28-Aug-2020
60c1f8e67ad7b2000822c9a9,KOTAKBANK,EQ,N,1445.85,1411.55,1441.0,1420.0,1424.75,1436.7,4283671,6111130592.15,1740.0,1001.0,115968,INE237A01028,2020-08-27,2020-08-26T18:30:00.000Z,2021-06-10T11:35:02.428Z,2021-06-10T11:35:02.428Z,0,,1426.61,27-Aug-2020
60c1f8d1f9fddb00086700a4,KOTAKBANK,EQ,N,1441.65,1403.2,1410.0,1436.7,1440.7,1400.1,5718774,8137704607.3,1740.0,1001.0,129864,INE237A01028,2020-08-26,2020-08-25T18:30:00.000Z,2021-06-10T11:34:41.518Z,2021-06-10T11:34:41.518Z,0,,1422.98,26-Aug-2020
60c1f8bc7ad7b2000822c078,KOTAKBANK,EQ,N,1405.0,1380.55,1392.0,1400.1,1402.5,1387.25,4562238,6355085674.2,1740.0,1001.0,113271,INE237A01028,2020-08-25,2020-08-24T18:30:00.000Z,2021-06-10T11:34:20.904Z,2021-06-10T11:34:20.904Z,0,,1392.98,25-Aug-2020
60c1f8a857283a0008f0bd02,KOTAKBANK,EQ,N,1396.5,1342.35,1347.6,1387.25,1386.1,1339.4,6029279,8340620637.4,1740.0,1001.0,141511,INE237A01028,2020-08-24,2020-08-23T18:30:00.000Z,2021-06-10T11:34:00.615Z,2021-06-10T11:34:00.615Z,0,,1383.35,24-Aug-2020
60c1f8936804760008cff127,KOTAKBANK,EQ,N,1352.0,1331.05,1342.0,1339.4,1339.0,1338.35,2485266,3338940898.55,1740.0,1001.0,57178,INE237A01028,2020-08-21,2020-08-20T18:30:00.000Z,2021-06-10T11:33:39.124Z,2021-06-10T11:33:39.124Z,0,,1343.49,21-Aug-2020
60c1f87ef9fddb000866f784,KOTAKBANK,EQ,N,1350.0,1330.15,1343.0,1338.35,1337.85,1355.6,2841401,3804192032.65,1740.0,1001.0,93464,INE237A01028,2020-08-20,2020-08-19T18:30:00.000Z,2021-06-10T11:33:18.112Z,2021-06-10T11:33:18.112Z,0,,1338.84,20-Aug-2020
60c1f8686804760008cfe816,KOTAKBANK,EQ,N,1380.9,1349.95,1372.35,1355.6,1354.1,1369.35,3397098,4640533740.9,1740.0,1001.0,109376,INE237A01028,2020-08-19,2020-08-18T18:30:00.000Z,2021-06-10T11:32:56.457Z,2021-06-10T11:32:56.457Z,0,,1366.03,19-Aug-2020
60c1f8537ad7b2000822b75e,KOTAKBANK,EQ,N,1374.95,1318.0,1318.6,1369.35,1367.55,1327.55,4261949,5756752168.25,1740.0,1001.0,89478,INE237A01028,2020-08-18,2020-08-17T18:30:00.000Z,2021-06-10T11:32:35.096Z,2021-06-10T11:32:35.096Z,0,,1350.73,18-Aug-2020
60c1f83d57283a0008f0b3c9,KOTAKBANK,EQ,N,1333.55,1312.2,1320.1,1327.55,1330.25,1307.45,2831340,3749998450.0,1740.0,1001.0,68566,INE237A01028,2020-08-17,2020-08-16T18:30:00.000Z,2021-06-10T11:32:13.746Z,2021-06-10T11:32:13.746Z,0,,1324.46,17-Aug-2020
60c1f828f9fddb000866ee7b,KOTAKBANK,EQ,N,1346.8,1302.3,1337.55,1307.45,1309.0,1336.25,3331587,4415511474.65,1740.0,1001.0,96748,INE237A01028,2020-08-14,2020-08-13T18:30:00.000Z,2021-06-10T11:31:52.893Z,2021-06-10T11:31:52.893Z,0,,1325.35,14-Aug-2020
60c1f814f9fddb000866e598,KOTAKBANK,EQ,N,1358.5,1333.95,1341.9,1336.25,1336.5,1335.1,3331333,4483628729.95,1740.0,1001.0,68061,INE237A01028,2020-08-13,2020-08-12T18:30:00.000Z,2021-06-10T11:31:32.596Z,2021-06-10T11:31:32.596Z,0,,1345.9,13-Aug-2020
60c1f7ff57283a0008f0aaa6,KOTAKBANK,EQ,N,1354.85,1333.55,1350.0,1335.1,1336.55,1364.6,3840205,5155312020.2,1740.0,1001.0,94278,INE237A01028,2020-08-12,2020-08-11T18:30:00.000Z,2021-06-10T11:31:11.526Z,2021-06-10T11:31:11.526Z,0,,1342.46,12-Aug-2020
60c1f7ea6804760008cfdf08,KOTAKBANK,EQ,N,1385.0,1357.15,1373.0,1364.6,1363.1,1360.2,2502993,3417771937.7,1740.0,1001.0,103314,INE237A01028,2020-08-11,2020-08-10T18:30:00.000Z,2021-06-10T11:30:50.992Z,2021-06-10T11:30:50.992Z,0,,1365.47,11-Aug-2020
60c1f7d6f9fddb000866dc72,KOTAKBANK,EQ,N,1380.0,1346.2,1349.0,1360.2,1361.0,1342.5,2960057,4052324172.4,1740.0,1001.0,88795,INE237A01028,2020-08-10,2020-08-09T18:30:00.000Z,2021-06-10T11:30:30.605Z,2021-06-10T11:30:30.605Z,0,,1369.0,10-Aug-2020
60c1f7c17ad7b2000822ae79,KOTAKBANK,EQ,N,1347.8,1323.25,1341.5,1342.5,1344.6,1340.1,2807078,3750459045.7,1740.0,1001.0,76235,INE237A01028,2020-08-07,2020-08-06T18:30:00.000Z,2021-06-10T11:30:09.178Z,2021-06-10T11:30:09.178Z,0,,1336.07,07-Aug-2020
60c1f7ac57283a0008f0a189,KOTAKBANK,EQ,N,1367.4,1330.65,1345.0,1340.1,1340.2,1334.2,3677840,4953952228.45,1740.0,1001.0,103339,INE237A01028,2020-08-06,2020-08-05T18:30:00.000Z,2021-06-10T11:29:48.827Z,2021-06-10T11:29:48.827Z,0,,1346.97,06-Aug-2020
60c1f797f9fddb000866d36e,KOTAKBANK,EQ,N,1353.0,1322.0,1332.0,1334.2,1338.15,1323.95,3475603,4659464943.35,1740.0,1001.0,101268,INE237A01028,2020-08-05,2020-08-04T18:30:00.000Z,2021-06-10T11:29:27.412Z,2021-06-10T11:29:27.412Z,0,,1340.62,05-Aug-2020
60c1f7826804760008cfd5d2,KOTAKBANK,EQ,N,1331.35,1302.0,1320.0,1323.95,1322.0,1308.55,4946596,6525612944.1,1740.0,1001.0,135946,INE237A01028,2020-08-04,2020-08-03T18:30:00.000Z,2021-06-10T11:29:06.237Z,2021-06-10T11:29:06.237Z,0,,1319.21,04-Aug-2020
60c1f76c6804760008cfcce0,KOTAKBANK,EQ,N,1356.0,1300.1,1356.0,1308.55,1317.0,1365.75,5241260,6922610340.0,1740.0,1001.0,194889,INE237A01028,2020-08-03,2020-08-02T18:30:00.000Z,2021-06-10T11:28:44.914Z,2021-06-10T11:28:44.914Z,0,,1320.79,03-Aug-2020
60c1f7587ad7b2000822a5c9,KOTAKBANK,EQ,N,1389.95,1350.35,1375.0,1365.75,1365.2,1385.0,3223070,4420411563.65,1740.0,1001.0,103063,INE237A01028,2020-07-31,2020-07-30T18:30:00.000Z,2021-06-10T11:28:24.189Z,2021-06-10T11:28:24.189Z,0,,1371.49,31-Jul-2020
60c1f7437ad7b20008229cdc,KOTAKBANK,EQ,N,1424.7,1376.0,1395.1,1385.0,1378.75,1389.45,6097126,8540622423.65,1740.0,1001.0,200362,INE237A01028,2020-07-30,2020-07-29T18:30:00.000Z,2021-06-10T11:28:03.800Z,2021-06-10T11:28:03.800Z,0,,1400.76,30-Jul-2020
60c1f72e57283a0008f098be,KOTAKBANK,EQ,N,1397.95,1345.9,1385.0,1389.45,1388.5,1384.05,4067806,5626607166.25,1740.0,1001.0,105817,INE237A01028,2020-07-29,2020-07-28T18:30:00.000Z,2021-06-10T11:27:42.674Z,2021-06-10T11:27:42.674Z,0,,1383.2,29-Jul-2020
60c1f71a7ad7b2000822940c,KOTAKBANK,EQ,N,1401.8,1319.4,1330.1,1384.05,1384.75,1322.6,6751892,9199321127.3,1740.0,1001.0,208238,INE237A01028,2020-07-28,2020-07-27T18:30:00.000Z,2021-06-10T11:27:22.054Z,2021-06-10T11:27:22.054Z,0,,1362.48,28-Jul-2020
60c1f7056804760008cfc3f8,KOTAKBANK,EQ,N,1379.5,1310.15,1365.0,1322.6,1322.5,1350.0,7560905,10170174323.55,1740.0,1001.0,249642,INE237A01028,2020-07-27,2020-07-26T18:30:00.000Z,2021-06-10T11:27:01.474Z,2021-06-10T11:27:01.474Z,0,,1345.1,27-Jul-2020
60c1f6f07ad7b20008228b09,KOTAKBANK,EQ,N,1365.0,1341.6,1360.0,1350.0,1350.0,1374.05,3112388,4202871899.5,1740.0,1001.0,111863,INE237A01028,2020-07-24,2020-07-23T18:30:00.000Z,2021-06-10T11:26:40.324Z,2021-06-10T11:26:40.324Z,0,,1350.37,24-Jul-2020
60c1f6db6804760008cfbb1d,KOTAKBANK,EQ,N,1379.85,1335.3,1340.0,1374.05,1372.1,1342.35,4308774,5883043208.95,1740.0,1001.0,166581,INE237A01028,2020-07-23,2020-07-22T18:30:00.000Z,2021-06-10T11:26:19.623Z,2021-06-10T11:26:19.623Z,0,,1365.36,23-Jul-2020
60c1f6c76804760008cfb223,KOTAKBANK,EQ,N,1366.35,1330.95,1365.0,1342.35,1342.1,1359.0,4172575,5611939758.85,1740.0,1001.0,127936,INE237A01028,2020-07-22,2020-07-21T18:30:00.000Z,2021-06-10T11:25:59.446Z,2021-06-10T11:25:59.446Z,0,,1344.96,22-Jul-2020
60c1f6b27ad7b200082281e0,KOTAKBANK,EQ,N,1363.0,1325.0,1325.1,1359.0,1362.2,1319.05,4404246,5930778948.0,1740.0,1001.0,135705,INE237A01028,2020-07-21,2020-07-20T18:30:00.000Z,2021-06-10T11:25:38.181Z,2021-06-10T11:25:38.181Z,0,,1346.6,21-Jul-2020
60c1f69cf9fddb000866ca7d,KOTAKBANK,EQ,N,1336.7,1309.0,1330.0,1319.05,1317.9,1327.45,3481861,4605844163.55,1740.0,1001.0,123013,INE237A01028,2020-07-20,2020-07-19T18:30:00.000Z,2021-06-10T11:25:16.746Z,2021-06-10T11:25:16.746Z,0,,1322.81,20-Jul-2020
60c1f6876804760008cfa942,KOTAKBANK,EQ,N,1337.9,1301.1,1317.0,1327.45,1333.2,1322.65,4200204,5535365440.3,1740.0,1001.0,141811,INE237A01028,2020-07-17,2020-07-16T18:30:00.000Z,2021-06-10T11:24:55.550Z,2021-06-10T11:24:55.550Z,0,,1317.88,17-Jul-2020
60c1f6727ad7b2000822792e,KOTAKBANK,EQ,N,1327.9,1267.0,1288.6,1322.65,1317.0,1290.0,4204068,5444264062.45,1740.0,1001.0,134674,INE237A01028,2020-07-16,2020-07-15T18:30:00.000Z,2021-06-10T11:24:34.129Z,2021-06-10T11:24:34.129Z,0,,1295.0,16-Jul-2020
60c1f65d57283a0008f09009,KOTAKBANK,EQ,N,1311.95,1280.0,1306.4,1290.0,1288.6,1298.3,4372736,5667728077.1,1740.0,1001.0,109125,INE237A01028,2020-07-15,2020-07-14T18:30:00.000Z,2021-06-10T11:24:13.126Z,2021-06-10T11:24:13.126Z,0,,1296.15,15-Jul-2020
60c1f648f9fddb000866c1c8,KOTAKBANK,EQ,N,1331.4,1293.3,1328.8,1298.3,1295.9,1335.55,2915153,3814774116.5,1740.0,1001.0,110054,INE237A01028,2020-07-14,2020-07-13T18:30:00.000Z,2021-06-10T11:23:52.606Z,2021-06-10T11:23:52.606Z,0,,1308.6,14-Jul-2020
60c1f6346804760008cfa054,KOTAKBANK,EQ,N,1364.9,1324.1,1360.0,1335.55,1333.8,1349.35,3356703,4496830345.75,1740.0,1001.0,112150,INE237A01028,2020-07-13,2020-07-12T18:30:00.000Z,2021-06-10T11:23:32.032Z,2021-06-10T11:23:32.032Z,0,,1339.66,13-Jul-2020
60c1f61e57283a0008f08743,KOTAKBANK,EQ,N,1375.0,1345.55,1363.4,1349.35,1353.0,1368.15,3017959,4106062911.2,1740.0,1001.0,103872,INE237A01028,2020-07-10,2020-07-09T18:30:00.000Z,2021-06-10T11:23:10.853Z,2021-06-10T11:23:10.853Z,0,,1360.54,10-Jul-2020
60c1f60af9fddb000866b8ff,KOTAKBANK,EQ,N,1374.6,1347.75,1355.75,1368.15,1370.0,1352.75,3446020,4703844804.2,1740.0,1001.0,110969,INE237A01028,2020-07-09,2020-07-08T18:30:00.000Z,2021-06-10T11:22:50.458Z,2021-06-10T11:22:50.458Z,0,,1365.01,09-Jul-2020
60c1f5f56804760008cf974e,KOTAKBANK,EQ,N,1378.85,1348.0,1368.0,1352.75,1351.95,1368.25,3383105,4628867378.15,1740.0,1001.0,114650,INE237A01028,2020-07-08,2020-07-07T18:30:00.000Z,2021-06-10T11:22:29.986Z,2021-06-10T11:22:29.986Z,0,,1368.23,08-Jul-2020
60c1f5e07ad7b2000822706a,KOTAKBANK,EQ,N,1374.4,1351.5,1370.0,1368.25,1365.0,1367.9,3574298,4870578693.4,1740.0,1001.0,118511,INE237A01028,2020-07-07,2020-07-06T18:30:00.000Z,2021-06-10T11:22:08.741Z,2021-06-10T11:22:08.741Z,0,,1362.67,07-Jul-2020
60c1f5cbf9fddb000866aff4,KOTAKBANK,EQ,N,1381.25,1361.0,1370.0,1367.9,1368.6,1353.8,3248093,4450338921.3,1740.0,1001.0,99489,INE237A01028,2020-07-06,2020-07-05T18:30:00.000Z,2021-06-10T11:21:47.514Z,2021-06-10T11:21:47.514Z,0,,1370.14,06-Jul-2020
60c1f5b56804760008cf8de1,KOTAKBANK,EQ,N,1368.7,1350.05,1359.9,1353.8,1352.0,1352.0,2768223,3762448449.75,1740.0,1001.0,107614,INE237A01028,2020-07-03,2020-07-02T18:30:00.000Z,2021-06-10T11:21:26.002Z,2021-06-10T11:21:26.002Z,0,,1359.16,03-Jul-2020
60c1f5a057283a0008f07f2c,KOTAKBANK,EQ,N,1371.9,1342.3,1358.15,1352.0,1353.7,1356.75,4993438,6787193784.15,1740.0,1001.0,206186,INE237A01028,2020-07-02,2020-07-01T18:30:00.000Z,2021-06-10T11:21:04.385Z,2021-06-10T11:21:04.385Z,0,,1359.22,02-Jul-2020
60c1f58b7ad7b2000822676c,KOTAKBANK,EQ,N,1364.8,1316.0,1319.0,1356.75,1345.0,1360.45,8939592,11944831952.5,1740.0,1001.0,301787,INE237A01028,2020-07-01,2020-06-30T18:30:00.000Z,2021-06-10T11:20:43.436Z,2021-06-10T11:20:43.436Z,0,,1336.17,01-Jul-2020
60c1f57657283a0008f07677,KOTAKBANK,EQ,N,1372.9,1345.05,1364.9,1360.45,1352.3,1355.65,4783169,6505497052.1,1740.0,1001.0,142352,INE237A01028,2020-06-30,2020-06-29T18:30:00.000Z,2021-06-10T11:20:22.797Z,2021-06-10T11:20:22.797Z,0,,1360.08,30-Jun-2020
60c1f562f9fddb000866a6f1,KOTAKBANK,EQ,N,1366.9,1313.0,1336.1,1355.65,1359.0,1340.1,3819683,5092647099.35,1740.0,1001.0,117930,INE237A01028,2020-06-29,2020-06-28T18:30:00.000Z,2021-06-10T11:20:02.358Z,2021-06-10T11:20:02.358Z,0,,1333.26,29-Jun-2020
60c1f54c6804760008cf84ab,KOTAKBANK,EQ,N,1382.95,1326.95,1380.0,1340.1,1349.2,1381.7,6694715,8982180289.55,1740.0,1001.0,206470,INE237A01028,2020-06-26,2020-06-25T18:30:00.000Z,2021-06-10T11:19:40.896Z,2021-06-10T11:19:40.896Z,0,,1341.68,26-Jun-2020
60c1f5387ad7b20008225e75,KOTAKBANK,EQ,N,1389.75,1325.0,1337.0,1381.7,1367.15,1343.9,9985038,13643472689.2,1740.0,1001.0,243119,INE237A01028,2020-06-25,2020-06-24T18:30:00.000Z,2021-06-10T11:19:20.531Z,2021-06-10T11:19:20.531Z,0,,1366.39,25-Jun-2020
60c1f524f9fddb0008669dae,KOTAKBANK,EQ,N,1398.0,1336.95,1392.0,1343.9,1346.0,1389.9,5332634,7324579977.55,1740.0,1001.0,181894,INE237A01028,2020-06-24,2020-06-23T18:30:00.000Z,2021-06-10T11:19:00.102Z,2021-06-10T11:19:00.102Z,0,,1373.54,24-Jun-2020
60c1f50e6804760008cf7b96,KOTAKBANK,EQ,N,1395.7,1350.05,1355.0,1389.9,1394.6,1355.35,4669833,6417491020.45,1740.0,1001.0,178431,INE237A01028,2020-06-23,2020-06-22T18:30:00.000Z,2021-06-10T11:18:38.861Z,2021-06-10T11:18:38.861Z,0,,1374.24,23-Jun-2020
60c1f4f957283a0008f06d6a,KOTAKBANK,EQ,N,1385.0,1295.95,1309.8,1355.35,1360.0,1302.5,7633967,10267425278.85,1740.0,1001.0,224861,INE237A01028,2020-06-22,2020-06-21T18:30:00.000Z,2021-06-10T11:18:17.554Z,2021-06-10T11:18:17.554Z,0,,1344.97,22-Jun-2020
60c1f4e37ad7b20008225587,KOTAKBANK,EQ,N,1315.75,1276.35,1304.0,1302.5,1304.3,1303.35,8492619,11024955051.15,1740.0,1001.0,212532,INE237A01028,2020-06-19,2020-06-18T18:30:00.000Z,2021-06-10T11:17:55.884Z,2021-06-10T11:17:55.884Z,0,,1298.18,19-Jun-2020
60c1f4cef9fddb00086694c2,KOTAKBANK,EQ,N,1309.9,1228.35,1240.0,1303.35,1299.95,1243.8,6672822,8445357842.1,1740.0,1001.0,219274,INE237A01028,2020-06-18,2020-06-17T18:30:00.000Z,2021-06-10T11:17:34.586Z,2021-06-10T11:17:34.586Z,0,,1265.64,18-Jun-2020
60c1f4b96804760008cf72bd,KOTAKBANK,EQ,N,1284.95,1236.6,1269.45,1243.8,1247.5,1276.8,5429464,6843365902.5,1740.0,1001.0,159668,INE237A01028,2020-06-17,2020-06-16T18:30:00.000Z,2021-06-10T11:17:13.303Z,2021-06-10T11:17:13.303Z,0,,1260.41,17-Jun-2020
60c1f4a5f9fddb0008668b94,KOTAKBANK,EQ,N,1295.8,1238.1,1276.0,1276.8,1271.15,1248.9,5266312,6698889272.95,1740.0,1001.0,198898,INE237A01028,2020-06-16,2020-06-15T18:30:00.000Z,2021-06-10T11:16:53.137Z,2021-06-10T11:16:53.137Z,0,,1272.03,16-Jun-2020
60c1f48f6804760008cf6aa4,KOTAKBANK,EQ,N,1271.15,1237.2,1270.0,1248.9,1250.0,1279.8,7553579,9421656488.55,1740.0,1001.0,185307,INE237A01028,2020-06-15,2020-06-14T18:30:00.000Z,2021-06-10T11:16:31.879Z,2021-06-10T11:16:31.879Z,0,,1247.31,15-Jun-2020
60c1f47a6804760008cf623d,KOTAKBANK,EQ,N,1289.7,1231.6,1240.0,1279.8,1280.0,1298.7,8992434,11332596629.1,1740.0,1001.0,240356,INE237A01028,2020-06-12,2020-06-11T18:30:00.000Z,2021-06-10T11:16:10.923Z,2021-06-10T11:16:10.923Z,0,,1260.24,12-Jun-2020
60c1f4667ad7b20008224cb9,KOTAKBANK,EQ,N,1334.4,1289.2,1334.0,1298.7,1299.0,1332.25,4376824,5720055026.2,1740.0,1001.0,151377,INE237A01028,2020-06-11,2020-06-10T18:30:00.000Z,2021-06-10T11:15:50.486Z,2021-06-10T11:15:50.486Z,0,,1306.9,11-Jun-2020
60c1f45257283a0008f06424,KOTAKBANK,EQ,N,1344.3,1303.6,1304.5,1332.25,1338.55,1304.15,4876381,6480412597.3,1740.0,1001.0,152477,INE237A01028,2020-06-10,2020-06-09T18:30:00.000Z,2021-06-10T11:15:30.267Z,2021-06-10T11:15:30.267Z,0,,1328.94,10-Jun-2020
60c1f43df9fddb0008668217,KOTAKBANK,EQ,N,1360.0,1299.1,1341.95,1304.15,1303.25,1336.75,5477338,7309172058.8,1740.0,1001.0,207485,INE237A01028,2020-06-09,2020-06-08T18:30:00.000Z,2021-06-10T11:15:09.090Z,2021-06-10T11:15:09.090Z,0,,1334.44,09-Jun-2020
60c1f4276804760008cf5923,KOTAKBANK,EQ,N,1365.0,1315.5,1355.0,1336.75,1341.3,1337.8,5302332,7113782918.05,1740.0,1001.0,208653,INE237A01028,2020-06-08,2020-06-07T18:30:00.000Z,2021-06-10T11:14:47.629Z,2021-06-10T11:14:47.629Z,0,,1341.63,08-Jun-2020
60c1f4127ad7b200082243c1,KOTAKBANK,EQ,N,1358.0,1321.0,1344.0,1337.8,1347.85,1334.4,5688226,7609254619.7,1740.0,1001.0,177632,INE237A01028,2020-06-05,2020-06-04T18:30:00.000Z,2021-06-10T11:14:26.068Z,2021-06-10T11:14:26.068Z,0,,1337.72,05-Jun-2020
60c1f3fd7ad7b20008223a9a,KOTAKBANK,EQ,N,1380.05,1330.35,1380.05,1334.4,1337.5,1386.55,6004149,8107542586.05,1740.0,1001.0,207092,INE237A01028,2020-06-04,2020-06-03T18:30:00.000Z,2021-06-10T11:14:05.275Z,2021-06-10T11:14:05.275Z,0,,1350.32,04-Jun-2020
60c1f3e757283a0008f05af4,KOTAKBANK,EQ,N,1428.2,1342.2,1364.0,1386.55,1384.6,1342.9,12344415,17042001192.45,1740.0,1001.0,304561,INE237A01028,2020-06-03,2020-06-02T18:30:00.000Z,2021-06-10T11:13:43.552Z,2021-06-10T11:13:43.552Z,0,,1380.54,03-Jun-2020
60c1f3d357283a0008f0519c,KOTAKBANK,EQ,N,1353.25,1298.05,1323.0,1342.9,1344.45,1248.4,17320032,22942641676.2,1740.0,1001.0,377478,INE237A01028,2020-06-02,2020-06-01T18:30:00.000Z,2021-06-10T11:13:23.288Z,2021-06-10T11:13:23.288Z,0,,1324.63,02-Jun-2020
60c1f3bef9fddb00086678fe,KOTAKBANK,EQ,N,1279.2,1238.0,1249.0,1248.4,1248.0,1224.0,6943586,8738281759.4,1740.0,1001.0,211673,INE237A01028,2020-06-01,2020-05-31T18:30:00.000Z,2021-06-10T11:13:02.542Z,2021-06-10T11:13:02.542Z,0,,1258.47,01-Jun-2020
60224788c5339d00087dbe2f,KOTAKBANK,EQ,N,1229.8,1200.05,1216.5,1224.0,1222.0,1229.45,5497352,6699587964.4,1740.0,1001.0,148450,INE237A01028,2020-05-29,2020-05-28T18:30:00.000Z,2021-02-09T08:27:52.546Z,2021-02-09T08:27:52.546Z,0,,1218.69,29-May-2020
60224773c5339d00087db58d,KOTAKBANK,EQ,N,1254.9,1209.6,1224.0,1229.45,1226.75,1217.55,10710015,13238672435.2,1740.0,1001.0,242119,INE237A01028,2020-05-28,2020-05-27T18:30:00.000Z,2021-02-09T08:27:31.597Z,2021-02-09T08:27:31.597Z,0,,1236.1,28-May-2020
6022475ea211e30008086ace,KOTAKBANK,EQ,N,1243.0,1161.0,1163.95,1217.55,1217.6,1153.2,11746762,14047690928.3,1740.0,1001.0,273258,INE237A01028,2020-05-27,2020-05-26T18:30:00.000Z,2021-02-09T08:27:10.503Z,2021-02-09T08:27:10.503Z,0,,1195.88,27-May-2020
60224749fa8bca0009fcf3d2,KOTAKBANK,EQ,N,1175.0,1144.55,1160.0,1153.2,1154.0,1160.2,5470825,6325753000.35,1740.0,1001.0,154373,INE237A01028,2020-05-26,2020-05-25T18:30:00.000Z,2021-02-09T08:26:49.384Z,2021-02-09T08:26:49.384Z,0,,1156.27,26-May-2020
60224734ae7f470009ff6ce8,KOTAKBANK,EQ,N,1167.2,1116.5,1140.0,1160.2,1165.0,1150.25,5189775,5928717973.65,1740.0,1001.0,174734,INE237A01028,2020-05-22,2020-05-21T18:30:00.000Z,2021-02-09T08:26:28.494Z,2021-02-09T08:26:28.494Z,0,,1142.38,22-May-2020
6022471fc5339d00087dad1a,KOTAKBANK,EQ,N,1189.55,1144.6,1165.0,1150.25,1153.0,1160.1,5978133,6999130041.9,1740.0,1001.0,173216,INE237A01028,2020-05-21,2020-05-20T18:30:00.000Z,2021-02-09T08:26:07.295Z,2021-02-09T08:26:07.295Z,0,,1170.79,21-May-2020
6022470afa8bca0009fceb09,KOTAKBANK,EQ,N,1178.0,1115.0,1130.0,1160.1,1165.0,1130.45,5254389,6051010285.2,1740.0,1001.0,147062,INE237A01028,2020-05-20,2020-05-19T18:30:00.000Z,2021-02-09T08:25:46.219Z,2021-02-09T08:25:46.219Z,0,,1151.61,20-May-2020
602246f5ae7f470009ff647a,KOTAKBANK,EQ,N,1169.9,1125.3,1150.0,1130.45,1131.9,1113.65,6383233,7316415559.0,1740.0,1001.0,197960,INE237A01028,2020-05-19,2020-05-18T18:30:00.000Z,2021-02-09T08:25:25.559Z,2021-02-09T08:25:25.559Z,0,,1146.19,19-May-2020
602246e0a211e30008086216,KOTAKBANK,EQ,N,1176.0,1110.0,1175.0,1113.65,1121.0,1178.3,6397446,7212339613.8,1740.0,1001.0,198093,INE237A01028,2020-05-18,2020-05-17T18:30:00.000Z,2021-02-09T08:25:04.213Z,2021-02-09T08:25:04.213Z,0,,1127.38,18-May-2020
602246cbfa8bca0009fce245,KOTAKBANK,EQ,N,1189.9,1154.2,1179.85,1178.3,1176.15,1173.1,3864229,4525087985.3,1740.0,1001.0,138559,INE237A01028,2020-05-15,2020-05-14T18:30:00.000Z,2021-02-09T08:24:43.055Z,2021-02-09T08:24:43.055Z,0,,1171.02,15-May-2020
602246b5c5339d00087da4c1,KOTAKBANK,EQ,N,1214.0,1167.15,1178.9,1173.1,1176.05,1186.7,7100070,8455500768.65,1740.0,1001.0,227139,INE237A01028,2020-05-14,2020-05-13T18:30:00.000Z,2021-02-09T08:24:21.566Z,2021-02-09T08:24:21.566Z,0,,1190.9,14-May-2020
602246a0c5339d00087d9c64,KOTAKBANK,EQ,N,1220.0,1172.7,1215.05,1186.7,1191.0,1157.2,11914949,14254528848.25,1740.0,1001.0,345030,INE237A01028,2020-05-13,2020-05-12T18:30:00.000Z,2021-02-09T08:24:00.629Z,2021-02-09T08:24:00.629Z,0,,1196.36,13-May-2020
6022468bae7f470009ff5b85,KOTAKBANK,EQ,N,1178.0,1137.0,1178.0,1157.2,1157.95,1188.45,10268551,11804142282.6,1740.0,1001.0,294134,INE237A01028,2020-05-12,2020-05-11T18:30:00.000Z,2021-02-09T08:23:39.204Z,2021-02-09T08:23:39.204Z,0,,1149.54,12-May-2020
60224676c5339d00087d93bc,KOTAKBANK,EQ,N,1252.3,1185.0,1240.55,1188.45,1186.4,1217.45,4674247,5676859231.1,1740.0,1001.0,209948,INE237A01028,2020-05-11,2020-05-10T18:30:00.000Z,2021-02-09T08:23:18.219Z,2021-02-09T08:23:18.219Z,0,,1214.5,11-May-2020
60224661ae7f470009ff52b1,KOTAKBANK,EQ,N,1242.95,1211.05,1222.0,1217.45,1223.15,1199.8,3511244,4309018481.2,1740.0,1001.0,107011,INE237A01028,2020-05-08,2020-05-07T18:30:00.000Z,2021-02-09T08:22:57.284Z,2021-02-09T08:22:57.284Z,0,,1227.21,08-May-2020
6022464cc5339d00087d8bc1,KOTAKBANK,EQ,N,1240.0,1184.25,1230.5,1199.8,1200.0,1245.95,6843277,8247063761.8,1740.0,1001.0,218234,INE237A01028,2020-05-07,2020-05-06T18:30:00.000Z,2021-02-09T08:22:36.255Z,2021-02-09T08:22:36.255Z,0,,1205.13,07-May-2020
60224636a211e30008085943,KOTAKBANK,EQ,N,1277.4,1214.25,1231.0,1245.95,1248.6,1238.35,4604274,5761547708.25,1740.0,1001.0,191619,INE237A01028,2020-05-06,2020-05-05T18:30:00.000Z,2021-02-09T08:22:14.968Z,2021-02-09T08:22:14.968Z,0,,1251.35,06-May-2020
60224622fa8bca0009fcd97e,KOTAKBANK,EQ,N,1302.9,1225.0,1297.0,1238.35,1242.0,1277.8,5004851,6350444229.65,1740.0,1001.0,185692,INE237A01028,2020-05-05,2020-05-04T18:30:00.000Z,2021-02-09T08:21:54.360Z,2021-02-09T08:21:54.360Z,0,,1268.86,05-May-2020
6022460cae7f470009ff4a15,KOTAKBANK,EQ,N,1305.9,1263.7,1295.0,1277.8,1277.0,1357.2,5096460,6539486798.35,1740.0,1001.0,208435,INE237A01028,2020-05-04,2020-05-03T18:30:00.000Z,2021-02-09T08:21:32.457Z,2021-02-09T08:21:32.457Z,0,,1283.14,04-May-2020
602245f7ae7f470009ff417a,KOTAKBANK,EQ,N,1380.0,1334.05,1340.0,1357.2,1355.5,1327.85,6272569,8530944774.7,1740.0,1001.0,147161,INE237A01028,2020-04-30,2020-04-29T18:30:00.000Z,2021-02-09T08:21:11.569Z,2021-02-09T08:21:11.569Z,0,,1360.04,30-Apr-2020
602245e2c5339d00087d8386,KOTAKBANK,EQ,N,1352.0,1315.2,1327.0,1327.85,1325.0,1326.65,6703973,8891221015.4,1740.0,1001.0,150188,INE237A01028,2020-04-29,2020-04-28T18:30:00.000Z,2021-02-09T08:20:50.515Z,2021-02-09T08:20:50.515Z,0,,1326.26,29-Apr-2020
602245cda211e300080850af,KOTAKBANK,EQ,N,1336.5,1310.1,1310.1,1326.65,1326.05,1303.6,6678450,8845555576.2,1740.0,1001.0,177924,INE237A01028,2020-04-28,2020-04-27T18:30:00.000Z,2021-02-09T08:20:29.854Z,2021-02-09T08:20:29.854Z,0,,1324.49,28-Apr-2020
602245b8fa8bca0009fcd0a4,KOTAKBANK,EQ,N,1324.9,1251.9,1251.9,1303.6,1308.05,1239.55,7771419,10107290409.75,1740.0,1001.0,258885,INE237A01028,2020-04-27,2020-04-26T18:30:00.000Z,2021-02-09T08:20:08.396Z,2021-02-09T08:20:08.396Z,0,,1300.57,27-Apr-2020
602245a2c5339d00087d7abd,KOTAKBANK,EQ,N,1258.0,1213.35,1219.0,1239.55,1242.0,1249.65,6784237,8417014069.8,1740.0,1001.0,198346,INE237A01028,2020-04-24,2020-04-23T18:30:00.000Z,2021-02-09T08:19:46.919Z,2021-02-09T08:19:46.919Z,0,,1240.67,24-Apr-2020
6022458efa8bca0009fcc7e7,KOTAKBANK,EQ,N,1255.0,1158.1,1172.0,1249.65,1247.9,1152.15,10558455,12879813080.8,1740.0,1001.0,330907,INE237A01028,2020-04-23,2020-04-22T18:30:00.000Z,2021-02-09T08:19:26.641Z,2021-02-09T08:19:26.641Z,0,,1219.86,23-Apr-2020
60224579a211e300080847eb,KOTAKBANK,EQ,N,1166.75,1108.2,1127.05,1152.15,1160.4,1130.15,6963697,7961197697.1,1740.0,1001.0,164073,INE237A01028,2020-04-22,2020-04-21T18:30:00.000Z,2021-02-09T08:19:05.947Z,2021-02-09T08:19:05.947Z,0,,1143.24,22-Apr-2020
60224564a211e30008083efd,KOTAKBANK,EQ,N,1155.0,1125.0,1150.0,1130.15,1128.0,1177.75,4799848,5469343615.65,1740.0,1001.0,191697,INE237A01028,2020-04-21,2020-04-20T18:30:00.000Z,2021-02-09T08:18:44.998Z,2021-02-09T08:18:44.998Z,0,,1139.48,21-Apr-2020
60224550fa8bca0009fcbeef,KOTAKBANK,EQ,N,1224.5,1172.25,1220.0,1177.75,1177.8,1186.25,6560230,7832622304.1,1740.0,1001.0,200813,INE237A01028,2020-04-20,2020-04-19T18:30:00.000Z,2021-02-09T08:18:24.197Z,2021-02-09T08:18:24.197Z,0,,1193.96,20-Apr-2020
6022453aae7f470009ff38a5,KOTAKBANK,EQ,N,1197.95,1135.0,1187.35,1186.25,1195.0,1130.85,8585462,9972685857.65,1740.0,1001.0,249175,INE237A01028,2020-04-17,2020-04-16T18:30:00.000Z,2021-02-09T08:18:02.970Z,2021-02-09T08:18:02.970Z,0,,1161.58,17-Apr-2020
60224525c5339d00087d71ee,KOTAKBANK,EQ,N,1164.95,1114.45,1164.95,1130.85,1135.0,1173.75,11055210,12569810615.75,1740.0,1001.0,389029,INE237A01028,2020-04-16,2020-04-15T18:30:00.000Z,2021-02-09T08:17:41.704Z,2021-02-09T08:17:41.704Z,0,,1137.0,16-Apr-2020
60224510a211e300080835fa,KOTAKBANK,EQ,N,1270.95,1153.3,1265.85,1173.75,1180.0,1250.9,9045751,11004427666.95,1740.0,1001.0,279371,INE237A01028,2020-04-15,2020-04-14T18:30:00.000Z,2021-02-09T08:17:20.551Z,2021-02-09T08:17:20.551Z,0,,1216.53,15-Apr-2020
602244fbfa8bca0009fcb5ed,KOTAKBANK,EQ,N,1257.15,1216.0,1250.0,1250.9,1257.0,1272.9,4250597,5257458882.95,1740.0,1001.0,184796,INE237A01028,2020-04-13,2020-04-12T18:30:00.000Z,2021-02-09T08:16:59.690Z,2021-02-09T08:16:59.690Z,0,,1236.88,13-Apr-2020
602244e6a211e30008082cde,KOTAKBANK,EQ,N,1281.2,1190.1,1215.0,1272.9,1266.0,1187.65,8097402,10117243445.5,1740.0,1001.0,254962,INE237A01028,2020-04-09,2020-04-08T18:30:00.000Z,2021-02-09T08:16:38.445Z,2021-02-09T08:16:38.445Z,0,,1249.44,09-Apr-2020
602244d1c5339d00087d68d0,KOTAKBANK,EQ,N,1242.55,1160.35,1184.8,1187.65,1190.25,1198.05,7405110,8889902071.25,1740.0,1001.0,301897,INE237A01028,2020-04-08,2020-04-07T18:30:00.000Z,2021-02-09T08:16:17.275Z,2021-02-09T08:16:17.275Z,0,,1200.51,08-Apr-2020
602244bcc5339d00087d5f90,KOTAKBANK,EQ,N,1229.05,1171.0,1221.0,1198.05,1188.0,1140.85,8552666,10248457478.45,1740.0,1001.0,247930,INE237A01028,2020-04-07,2020-04-06T18:30:00.000Z,2021-02-09T08:15:56.714Z,2021-02-09T08:15:56.714Z,0,,1198.28,07-Apr-2020
602244a7a211e3000808241b,KOTAKBANK,EQ,N,1183.0,1087.0,1181.65,1140.85,1158.2,1181.65,10111593,11310791345.95,1740.0,1001.0,397346,INE237A01028,2020-04-03,2020-04-02T18:30:00.000Z,2021-02-09T08:15:35.789Z,2021-02-09T08:15:35.789Z,0,,1118.6,03-Apr-2020
60224492fa8bca0009fcadec,KOTAKBANK,EQ,N,1294.9,1158.0,1294.9,1181.65,1183.5,1296.05,10838532,12843059920.85,1740.0,1001.0,412418,INE237A01028,2020-04-01,2020-03-31T18:30:00.000Z,2021-02-09T08:15:14.377Z,2021-02-09T08:15:14.377Z,0,,1184.94,01-Apr-2020
6022447da211e30008081b0c,KOTAKBANK,EQ,N,1330.0,1285.0,1328.3,1296.05,1286.95,1293.7,4476861,5869535815.55,1740.0,1001.0,190222,INE237A01028,2020-03-31,2020-03-30T18:30:00.000Z,2021-02-09T08:14:53.664Z,2021-02-09T08:14:53.664Z,0,,1311.08,31-Mar-2020
60224468ae7f470009ff2f24,KOTAKBANK,EQ,N,1380.0,1275.8,1345.2,1293.7,1282.0,1399.1,5570369,7401922057.0,1740.0,1001.0,243969,INE237A01028,2020-03-30,2020-03-29T18:30:00.000Z,2021-02-09T08:14:32.444Z,2021-02-09T08:14:32.444Z,0,,1328.8,30-Mar-2020
60224452c5339d00087d56ce,KOTAKBANK,EQ,N,1450.0,1374.55,1436.0,1399.1,1390.35,1372.95,10225249,14400087202.1,1740.0,1001.0,399910,INE237A01028,2020-03-27,2020-03-26T18:30:00.000Z,2021-02-09T08:14:11.000Z,2021-02-09T08:14:11.000Z,0,,1408.29,27-Mar-2020
6022443da211e300080811ce,KOTAKBANK,EQ,N,1390.0,1252.8,1300.0,1372.95,1372.95,1290.15,7254949,9745803159.65,1740.0,1001.0,321991,INE237A01028,2020-03-26,2020-03-25T18:30:00.000Z,2021-02-09T08:13:49.664Z,2021-02-09T08:13:49.664Z,0,,1343.33,26-Mar-2020
60224428fa8bca0009fca670,KOTAKBANK,EQ,N,1324.0,1125.05,1140.0,1290.15,1290.0,1152.9,6449061,7880977374.05,1740.0,1001.0,273630,INE237A01028,2020-03-25,2020-03-24T18:30:00.000Z,2021-02-09T08:13:28.797Z,2021-02-09T08:13:28.797Z,0,,1222.03,25-Mar-2020
60224413c5339d00087d4d8f,KOTAKBANK,EQ,N,1185.0,1041.1,1153.15,1152.9,1178.65,1098.25,7371834,8283311025.9,1740.0,1001.0,309836,INE237A01028,2020-03-24,2020-03-23T18:30:00.000Z,2021-02-09T08:13:07.797Z,2021-02-09T08:13:07.797Z,0,,1123.64,24-Mar-2020
602243fea211e300080808a8,KOTAKBANK,EQ,N,1204.45,1078.15,1137.5,1098.25,1119.0,1262.35,6694405,7517120817.8,1740.0,1001.0,192424,INE237A01028,2020-03-23,2020-03-22T18:30:00.000Z,2021-02-09T08:12:46.656Z,2021-02-09T08:12:46.656Z,0,,1122.9,23-Mar-2020
602243eac5339d00087d43e9,KOTAKBANK,EQ,N,1283.6,1146.5,1217.0,1262.35,1266.95,1210.85,10380019,12623933514.6,1740.0,1001.0,292289,INE237A01028,2020-03-20,2020-03-19T18:30:00.000Z,2021-02-09T08:12:26.414Z,2021-02-09T08:12:26.414Z,0,,1216.18,20-Mar-2020
602243d5a211e3000807ff76,KOTAKBANK,EQ,N,1253.6,1001.0,1095.05,1210.85,1194.95,1171.95,9917261,11434332758.35,1740.0,1001.0,363531,INE237A01028,2020-03-19,2020-03-18T18:30:00.000Z,2021-02-09T08:12:05.105Z,2021-02-09T08:12:05.105Z,0,,1152.97,19-Mar-2020
602243c0fa8bca0009fc9d5d,KOTAKBANK,EQ,N,1329.0,1162.1,1326.0,1171.95,1171.0,1322.7,11167547,13567163649.65,1740.0,1162.1,321974,INE237A01028,2020-03-18,2020-03-17T18:30:00.000Z,2021-02-09T08:11:44.176Z,2021-02-09T08:11:44.176Z,0,,1214.87,18-Mar-2020
602243aac5339d00087d3a85,KOTAKBANK,EQ,N,1402.95,1303.1,1392.0,1322.7,1319.45,1383.7,4821135,6527455114.15,1740.0,1172.05,243153,INE237A01028,2020-03-17,2020-03-16T18:30:00.000Z,2021-02-09T08:11:22.667Z,2021-02-09T08:11:22.667Z,0,,1353.92,17-Mar-2020
60224395a211e3000807f6dc,KOTAKBANK,EQ,N,1444.75,1375.0,1417.0,1383.7,1380.0,1470.05,6580531,9299868063.2,1740.0,1172.05,278004,INE237A01028,2020-03-16,2020-03-15T18:30:00.000Z,2021-02-09T08:11:01.751Z,2021-02-09T08:11:01.751Z,0,,1413.24,16-Mar-2020
60224380c5339d00087d31a1,KOTAKBANK,EQ,N,1505.0,1172.05,1400.0,1470.05,1478.05,1465.05,11408950,16650196500.8,1740.0,1172.05,287821,INE237A01028,2020-03-13,2020-03-12T18:30:00.000Z,2021-02-09T08:10:40.592Z,2021-02-09T08:10:40.592Z,0,,1459.4,13-Mar-2020
6022436bc5339d00087d2889,KOTAKBANK,EQ,N,1546.45,1350.95,1509.9,1465.05,1468.0,1589.3,7807923,11565130889.0,1740.0,1234.0,293267,INE237A01028,2020-03-12,2020-03-11T18:30:00.000Z,2021-02-09T08:10:19.734Z,2021-02-09T08:10:19.734Z,0,,1481.2,12-Mar-2020
60224357fa8bca0009fc9409,KOTAKBANK,EQ,N,1604.9,1542.5,1575.95,1589.3,1590.2,1578.15,4714213,7420295866.7,1740.0,1234.0,131798,INE237A01028,2020-03-11,2020-03-10T18:30:00.000Z,2021-02-09T08:09:59.069Z,2021-02-09T08:09:59.069Z,0,,1574.03,11-Mar-2020
60224342a211e3000807ee42,KOTAKBANK,EQ,N,1609.95,1542.6,1595.0,1578.15,1586.7,1631.05,5535703,8707608994.4,1740.0,1234.0,155125,INE237A01028,2020-03-09,2020-03-08T18:30:00.000Z,2021-02-09T08:09:38.064Z,2021-02-09T08:09:38.064Z,0,,1572.99,09-Mar-2020
6022432cae7f470009ff2601,KOTAKBANK,EQ,N,1644.0,1598.2,1605.2,1631.05,1634.05,1651.35,3542243,5746252744.85,1740.0,1217.8,99088,INE237A01028,2020-03-06,2020-03-05T18:30:00.000Z,2021-02-09T08:09:16.857Z,2021-02-09T08:09:16.857Z,0,,1622.21,06-Mar-2020
60224318c5339d00087d1fad,KOTAKBANK,EQ,N,1676.5,1608.0,1615.0,1651.35,1650.55,1607.95,5060962,8352606240.55,1740.0,1217.8,104590,INE237A01028,2020-03-05,2020-03-04T18:30:00.000Z,2021-02-09T08:08:56.442Z,2021-02-09T08:08:56.442Z,0,,1650.4,05-Mar-2020
5ea96036c2a8b500088e6edd,KOTAKBANK,EQ,N,1633.1,1577.6,1632.2,1607.95,1609.15,1626.3,2530221,4064170315.6,1740.0,1217.8,71265,INE237A01028,2020-03-04,2020-03-03T18:30:00.000Z,2020-04-29T11:08:38.719Z,2020-04-29T11:08:38.719Z,0,,1606.25,04-Mar-2020
60224305ae7f470009ff1d37,KOTAKBANK,EQ,N,1633.1,1577.6,1632.2,1607.95,1609.15,1626.3,2530221,4064170315.6,1740.0,1217.8,71265,INE237A01028,2020-03-04,2020-03-03T18:30:00.000Z,2021-02-09T08:08:37.305Z,2021-02-09T08:08:37.305Z,0,,1606.25,04-Mar-2020
5ea960683c1dbb0009717a48,KOTAKBANK,EQ,N,1633.1,1577.6,1632.2,1607.95,1609.15,1626.3,2530221,4064170315.6,1740.0,1217.8,71265,INE237A01028,2020-03-04,2020-03-03T18:30:00.000Z,2020-04-29T11:09:28.394Z,2020-04-29T11:09:28.394Z,0,,1606.25,04-Mar-2020
5ea9605f116f230008263331,KOTAKBANK,EQ,N,1633.1,1577.6,1632.2,1607.95,1609.15,1626.3,2530221,4064170315.6,1740.0,1217.8,71265,INE237A01028,2020-03-04,2020-03-03T18:30:00.000Z,2020-04-29T11:09:20.011Z,2020-04-29T11:09:20.011Z,0,,1606.25,04-Mar-2020
5ea96057e554dc0008316c2b,KOTAKBANK,EQ,N,1633.1,1577.6,1632.2,1607.95,1609.15,1626.3,2530221,4064170315.6,1740.0,1217.8,71265,INE237A01028,2020-03-04,2020-03-03T18:30:00.000Z,2020-04-29T11:09:11.962Z,2020-04-29T11:09:11.962Z,0,,1606.25,04-Mar-2020
5ea9603c3c1dbb00097161d2,KOTAKBANK,EQ,N,1633.1,1577.6,1632.2,1607.95,1609.15,1626.3,2530221,4064170315.6,1740.0,1217.8,71265,INE237A01028,2020-03-04,2020-03-03T18:30:00.000Z,2020-04-29T11:08:44.637Z,2020-04-29T11:08:44.637Z,0,,1606.25,04-Mar-2020
5ea9603c3c1dbb00097161ce,KOTAKBANK,EQ,N,1636.35,1587.0,1603.8,1626.3,1633.1,1599.0,2918386,4683592418.05,1740.0,1217.8,99649,INE237A01028,2020-03-03,2020-03-02T18:30:00.000Z,2020-04-29T11:08:44.671Z,2020-04-29T11:08:44.671Z,0,,1604.86,03-Mar-2020
5ea96057e554dc0008316c10,KOTAKBANK,EQ,N,1636.35,1587.0,1603.8,1626.3,1633.1,1599.0,2918386,4683592418.05,1740.0,1217.8,99649,INE237A01028,2020-03-03,2020-03-02T18:30:00.000Z,2020-04-29T11:09:11.893Z,2020-04-29T11:09:11.893Z,0,,1604.86,03-Mar-2020
5ea9605f116f230008263332,KOTAKBANK,EQ,N,1636.35,1587.0,1603.8,1626.3,1633.1,1599.0,2918386,4683592418.05,1740.0,1217.8,99649,INE237A01028,2020-03-03,2020-03-02T18:30:00.000Z,2020-04-29T11:09:19.987Z,2020-04-29T11:09:19.987Z,0,,1604.86,03-Mar-2020
602242f0c5339d00087d1676,KOTAKBANK,EQ,N,1636.35,1587.0,1603.8,1626.3,1633.1,1599.0,2918386,4683592418.05,1740.0,1217.8,99649,INE237A01028,2020-03-03,2020-03-02T18:30:00.000Z,2021-02-09T08:08:16.570Z,2021-02-09T08:08:16.570Z,0,,1604.86,03-Mar-2020
5ea960683c1dbb0009717a89,KOTAKBANK,EQ,N,1636.35,1587.0,1603.8,1626.3,1633.1,1599.0,2918386,4683592418.05,1740.0,1217.8,99649,INE237A01028,2020-03-03,2020-03-02T18:30:00.000Z,2020-04-29T11:09:28.484Z,2020-04-29T11:09:28.484Z,0,,1604.86,03-Mar-2020
602242d6c5339d00087d0d79,KOTAKBANK,EQ,N,1637.3,1584.2,1631.0,1599.0,1600.0,1620.35,4762847,7658118294.4,1740.0,1217.8,142088,INE237A01028,2020-03-02,2020-03-01T18:30:00.000Z,2021-02-09T08:07:50.018Z,2021-02-09T08:07:50.018Z,0,,1607.89,02-Mar-2020
602242c1a211e3000807e562,KOTAKBANK,EQ,N,1660.1,1613.75,1654.9,1620.35,1619.95,1682.75,3743312,6123770817.35,1740.0,1210.0,155883,INE237A01028,2020-02-28,2020-02-27T18:30:00.000Z,2021-02-09T08:07:29.290Z,2021-02-09T08:07:29.290Z,0,,1635.92,28-Feb-2020
602242abfa8bca0009fc8b62,KOTAKBANK,EQ,N,1688.9,1660.6,1666.0,1682.75,1678.5,1666.5,2689352,4496725494.3,1740.0,1210.0,106427,INE237A01028,2020-02-27,2020-02-26T18:30:00.000Z,2021-02-09T08:07:07.865Z,2021-02-09T08:07:07.865Z,0,,1672.05,27-Feb-2020
60224296ae7f470009ff148f,KOTAKBANK,EQ,N,1677.7,1657.0,1670.1,1666.5,1673.8,1675.8,2585895,4309441648.5,1740.0,1210.0,102345,INE237A01028,2020-02-26,2020-02-25T18:30:00.000Z,2021-02-09T08:06:46.803Z,2021-02-09T08:06:46.803Z,0,,1666.52,26-Feb-2020
60224282a211e3000807dc4c,KOTAKBANK,EQ,N,1689.7,1668.35,1676.2,1675.8,1678.5,1678.25,1535555,2575809428.45,1740.0,1210.0,66430,INE237A01028,2020-02-25,2020-02-24T18:30:00.000Z,2021-02-09T08:06:26.495Z,2021-02-09T08:06:26.495Z,0,,1677.45,25-Feb-2020
6022426dfa8bca0009fc8294,KOTAKBANK,EQ,N,1683.75,1662.3,1672.0,1678.25,1679.4,1685.95,1926133,3225058923.55,1740.0,1210.0,102079,INE237A01028,2020-02-24,2020-02-23T18:30:00.000Z,2021-02-09T08:06:05.286Z,2021-02-09T08:06:05.286Z,0,,1674.37,24-Feb-2020
60224258ae7f470009ff0be0,KOTAKBANK,EQ,N,1699.25,1676.2,1697.3,1685.95,1685.0,1701.1,2099903,3544567939.95,1740.0,1210.0,86420,INE237A01028,2020-02-20,2020-02-19T18:30:00.000Z,2021-02-09T08:05:44.027Z,2021-02-09T08:05:44.027Z,0,,1687.97,20-Feb-2020
5e687e50ec58940008016314,KOTAKBANK,EQ,N,1740.0,1695.4,1740.0,1701.1,1699.6,1691.0,3168534,5417376387.0,1740.0,1210.0,99948,INE237A01028,2020-02-19,2020-02-18T18:30:00.000Z,2020-03-11T05:59:44.815Z,2020-03-11T05:59:44.815Z,0,,1709.74,19-Feb-2020
60224245c5339d00087d0564,KOTAKBANK,EQ,N,1740.0,1695.4,1740.0,1701.1,1699.6,1691.0,3168534,5417376387.0,1740.0,1210.0,99948,INE237A01028,2020-02-19,2020-02-18T18:30:00.000Z,2021-02-09T08:05:25.772Z,2021-02-09T08:05:25.772Z,0,,1709.74,19-Feb-2020
5e687e4ce0bb720008ab432a,KOTAKBANK,EQ,N,1740.0,1695.4,1740.0,1701.1,1699.6,1691.0,3168534,5417376387.0,1740.0,1210.0,99948,INE237A01028,2020-02-19,2020-02-18T18:30:00.000Z,2020-03-11T05:59:40.916Z,2020-03-11T05:59:40.916Z,0,,1709.74,19-Feb-2020
5e687e55e0bb720008ab4ae9,KOTAKBANK,EQ,N,1740.0,1695.4,1740.0,1701.1,1699.6,1691.0,3168534,5417376387.0,1740.0,1210.0,99948,INE237A01028,2020-02-19,2020-02-18T18:30:00.000Z,2020-03-11T05:59:49.262Z,2020-03-11T05:59:49.262Z,0,,1709.74,19-Feb-2020
5e687e5ae0bb720008ab528f,KOTAKBANK,EQ,N,1740.0,1695.4,1740.0,1701.1,1699.6,1691.0,3168534,5417376387.0,1740.0,1210.0,99948,INE237A01028,2020-02-19,2020-02-18T18:30:00.000Z,2020-03-11T05:59:54.534Z,2020-03-11T05:59:54.534Z,0,,1709.74,19-Feb-2020
5e819b7114867800086c0226,KOTAKBANK,EQ,N,1740.0,1695.4,1740.0,1701.1,1699.6,1691.0,3168534,5417376387.0,1740.0,1210.0,99948,INE237A01028,2020-02-19,2020-02-18T18:30:00.000Z,2020-03-30T07:10:41.720Z,2020-03-30T07:10:41.720Z,0,,1709.74,19-Feb-2020
5e819b8914867800086c09f8,KOTAKBANK,EQ,N,1740.0,1695.4,1740.0,1701.1,1699.6,1691.0,3168534,5417376387.0,1740.0,1210.0,99948,INE237A01028,2020-02-19,2020-02-18T18:30:00.000Z,2020-03-30T07:11:05.013Z,2020-03-30T07:11:05.013Z,0,,1709.74,19-Feb-2020
6022422dfa8bca0009fc79d0,KOTAKBANK,EQ,N,1699.8,1678.3,1682.5,1691.0,1692.95,1691.1,2219039,3748147638.0,1734.8,1210.0,106786,INE237A01028,2020-02-18,2020-02-17T18:30:00.000Z,2021-02-09T08:05:01.419Z,2021-02-09T08:05:01.419Z,0,,1689.09,18-Feb-2020
60224218ae7f470009ff0334,KOTAKBANK,EQ,N,1699.2,1672.25,1685.0,1691.1,1693.85,1680.95,1812765,3065520624.65,1734.8,1210.0,64474,INE237A01028,2020-02-17,2020-02-16T18:30:00.000Z,2021-02-09T08:04:40.147Z,2021-02-09T08:04:40.147Z,0,,1691.07,17-Feb-2020
60224202a211e3000807d316,KOTAKBANK,EQ,N,1703.0,1663.6,1696.0,1680.95,1682.5,1689.8,1892157,3180068349.85,1734.8,1210.0,80400,INE237A01028,2020-02-14,2020-02-13T18:30:00.000Z,2021-02-09T08:04:18.963Z,2021-02-09T08:04:18.963Z,0,,1680.66,14-Feb-2020
602241eec5339d00087cfd16,KOTAKBANK,EQ,N,1714.7,1682.3,1714.7,1689.8,1689.55,1714.9,2246920,3799527517.75,1734.8,1210.0,77476,INE237A01028,2020-02-13,2020-02-12T18:30:00.000Z,2021-02-09T08:03:58.236Z,2021-02-09T08:03:58.236Z,0,,1690.99,13-Feb-2020
602241d9a211e3000807ca39,KOTAKBANK,EQ,N,1720.0,1675.0,1680.1,1714.9,1713.5,1677.45,3010537,5147307043.25,1734.8,1210.0,74600,INE237A01028,2020-02-12,2020-02-11T18:30:00.000Z,2021-02-09T08:03:37.096Z,2021-02-09T08:03:37.096Z,0,,1709.76,12-Feb-2020
602241c3fa8bca0009fc7102,KOTAKBANK,EQ,N,1685.8,1666.55,1682.45,1677.45,1679.45,1669.3,1914766,3212493676.95,1734.8,1210.0,109723,INE237A01028,2020-02-11,2020-02-10T18:30:00.000Z,2021-02-09T08:03:15.679Z,2021-02-09T08:03:15.679Z,0,,1677.75,11-Feb-2020
602241afc5339d00087cf43d,KOTAKBANK,EQ,N,1674.6,1645.7,1660.0,1669.3,1673.0,1653.05,1355124,2246253700.65,1734.8,1210.0,62012,INE237A01028,2020-02-10,2020-02-09T18:30:00.000Z,2021-02-09T08:02:55.293Z,2021-02-09T08:02:55.293Z,0,,1657.6,10-Feb-2020
6022419aae7f470009fefa9c,KOTAKBANK,EQ,N,1677.95,1644.0,1675.75,1653.05,1654.95,1674.0,2290151,3787494985.6,1734.8,1210.0,99398,INE237A01028,2020-02-07,2020-02-06T18:30:00.000Z,2021-02-09T08:02:34.178Z,2021-02-09T08:02:34.178Z,0,,1653.82,07-Feb-2020
60224184c5339d00087ceb67,KOTAKBANK,EQ,N,1697.9,1668.0,1693.9,1674.0,1675.75,1689.75,2532618,4253317230.15,1734.8,1210.0,125534,INE237A01028,2020-02-06,2020-02-05T18:30:00.000Z,2021-02-09T08:02:12.804Z,2021-02-09T08:02:12.804Z,0,,1679.42,06-Feb-2020
6022416ffa8bca0009fc6803,KOTAKBANK,EQ,N,1707.45,1677.1,1702.0,1689.75,1693.5,1698.3,2096512,3541648159.8,1734.8,1210.0,97390,INE237A01028,2020-02-05,2020-02-04T18:30:00.000Z,2021-02-09T08:01:51.696Z,2021-02-09T08:01:51.696Z,0,,1689.3,05-Feb-2020
6022415ac5339d00087ce286,KOTAKBANK,EQ,N,1702.8,1670.15,1684.05,1698.3,1699.0,1676.25,2070417,3500891406.95,1734.8,1210.0,93785,INE237A01028,2020-02-04,2020-02-03T18:30:00.000Z,2021-02-09T08:01:30.085Z,2021-02-09T08:01:30.085Z,0,,1690.91,04-Feb-2020
60224144ae7f470009fef1ce,KOTAKBANK,EQ,N,1680.8,1634.0,1645.6,1676.25,1676.3,1647.95,2510294,4171853853.1,1734.8,1210.0,112048,INE237A01028,2020-02-03,2020-02-02T18:30:00.000Z,2021-02-09T08:01:08.870Z,2021-02-09T08:01:08.870Z,0,,1661.9,03-Feb-2020
6022412fa211e3000807c268,KOTAKBANK,EQ,N,1689.45,1630.05,1684.0,1647.95,1655.0,1691.75,2263314,3769955650.7,1734.8,1210.0,73751,INE237A01028,2020-02-01,2020-01-31T18:30:00.000Z,2021-02-09T08:00:47.379Z,2021-02-09T08:00:47.379Z,0,,1665.68,01-Feb-2020
6022411ac5339d00087cda08,KOTAKBANK,EQ,N,1729.0,1683.15,1709.65,1691.75,1688.65,1628.25,9495046,16127835181.15,1734.8,1210.0,253091,INE237A01028,2020-01-31,2020-01-30T18:30:00.000Z,2021-02-09T08:00:26.978Z,2021-02-09T08:00:26.978Z,0,,1698.55,31-Jan-2020
60224105a211e3000807ba3e,KOTAKBANK,EQ,N,1640.3,1617.5,1637.8,1628.25,1627.95,1640.45,1590156,2589341070.55,1734.8,1210.0,63063,INE237A01028,2020-01-30,2020-01-29T18:30:00.000Z,2021-02-09T08:00:05.675Z,2021-02-09T08:00:05.675Z,0,,1628.36,30-Jan-2020
602240effa8bca0009fc5eeb,KOTAKBANK,EQ,N,1646.2,1623.05,1633.0,1640.45,1639.55,1626.05,2227493,3647920414.25,1734.8,1210.0,62207,INE237A01028,2020-01-29,2020-01-28T18:30:00.000Z,2021-02-09T07:59:43.140Z,2021-02-09T07:59:43.140Z,0,,1637.68,29-Jan-2020
602240d9fa8bca0009fc5626,KOTAKBANK,EQ,N,1638.0,1610.25,1620.0,1626.05,1624.0,1618.35,1981104,3224152585.1,1734.8,1210.0,86400,INE237A01028,2020-01-28,2020-01-27T18:30:00.000Z,2021-02-09T07:59:21.917Z,2021-02-09T07:59:21.917Z,0,,1627.45,28-Jan-2020
602240c4ae7f470009fee8f2,KOTAKBANK,EQ,N,1629.0,1608.4,1628.7,1618.35,1617.0,1642.95,1874429,3032456402.2,1734.8,1210.0,58316,INE237A01028,2020-01-27,2020-01-26T18:30:00.000Z,2021-02-09T07:59:00.839Z,2021-02-09T07:59:00.839Z,0,,1617.8,27-Jan-2020
602240afc5339d00087cd175,KOTAKBANK,EQ,N,1649.0,1587.0,1605.45,1642.95,1638.05,1605.85,4252937,6902627963.15,1734.8,1210.0,157612,INE237A01028,2020-01-24,2020-01-23T18:30:00.000Z,2021-02-09T07:58:39.366Z,2021-02-09T07:58:39.366Z,0,,1623.03,24-Jan-2020
6022409aae7f470009fee02e,KOTAKBANK,EQ,N,1608.4,1581.3,1588.0,1605.85,1606.9,1585.5,3495683,5583048607.4,1734.8,1210.0,96078,INE237A01028,2020-01-23,2020-01-22T18:30:00.000Z,2021-02-09T07:58:18.316Z,2021-02-09T07:58:18.316Z,0,,1597.13,23-Jan-2020
60224085c5339d00087cc895,KOTAKBANK,EQ,N,1637.9,1576.0,1633.2,1585.5,1591.0,1625.1,5479162,8730746484.85,1734.8,1210.0,154814,INE237A01028,2020-01-22,2020-01-21T18:30:00.000Z,2021-02-09T07:57:57.502Z,2021-02-09T07:57:57.502Z,0,,1593.45,22-Jan-2020
60224070c5339d00087cbfcc,KOTAKBANK,EQ,N,1630.6,1585.2,1605.0,1625.1,1627.35,1617.9,5745469,9238854221.6,1734.8,1210.0,185564,INE237A01028,2020-01-21,2020-01-20T18:30:00.000Z,2021-02-09T07:57:36.558Z,2021-02-09T07:57:36.558Z,0,,1608.02,21-Jan-2020
6022405bfa8bca0009fc4d36,KOTAKBANK,EQ,N,1709.0,1611.0,1709.0,1617.9,1617.0,1698.1,8004034,13166740916.8,1734.8,1210.0,228321,INE237A01028,2020-01-20,2020-01-19T18:30:00.000Z,2021-02-09T07:57:15.215Z,2021-02-09T07:57:15.215Z,0,,1645.01,20-Jan-2020
60224046ae7f470009fed768,KOTAKBANK,EQ,N,1705.85,1690.1,1703.9,1698.1,1699.0,1701.55,2295875,3901453391.4,1734.8,1198.0,93648,INE237A01028,2020-01-17,2020-01-16T18:30:00.000Z,2021-02-09T07:56:54.552Z,2021-02-09T07:56:54.552Z,0,,1699.33,17-Jan-2020
60224031a211e3000807b184,KOTAKBANK,EQ,N,1705.6,1678.9,1678.9,1701.55,1703.05,1675.6,3321282,5624404547.55,1734.8,1198.0,94314,INE237A01028,2020-01-16,2020-01-15T18:30:00.000Z,2021-02-09T07:56:33.391Z,2021-02-09T07:56:33.391Z,0,,1693.44,16-Jan-2020
6022401cfa8bca0009fc4446,KOTAKBANK,EQ,N,1686.6,1665.9,1675.95,1675.6,1681.6,1676.8,2490245,4173233968.2,1734.8,1198.0,53526,INE237A01028,2020-01-15,2020-01-14T18:30:00.000Z,2021-02-09T07:56:12.384Z,2021-02-09T07:56:12.384Z,0,,1675.83,15-Jan-2020
60224006c5339d00087cb6ff,KOTAKBANK,EQ,N,1696.1,1671.0,1696.0,1676.8,1678.8,1691.1,2136892,3583143591.4,1734.8,1198.0,79735,INE237A01028,2020-01-14,2020-01-13T18:30:00.000Z,2021-02-09T07:55:50.970Z,2021-02-09T07:55:50.970Z,0,,1676.8,14-Jan-2020
60223ff1a211e3000807a88c,KOTAKBANK,EQ,N,1704.5,1685.55,1692.0,1691.1,1690.2,1684.7,1807958,3059595263.0,1734.8,1198.0,48374,INE237A01028,2020-01-13,2020-01-12T18:30:00.000Z,2021-02-09T07:55:29.649Z,2021-02-09T07:55:29.649Z,0,,1692.29,13-Jan-2020
60223fdcfa8bca0009fc3b6c,KOTAKBANK,EQ,N,1692.0,1671.2,1674.1,1684.7,1686.0,1665.05,2536083,4268318493.4,1734.8,1198.0,97398,INE237A01028,2020-01-10,2020-01-09T18:30:00.000Z,2021-02-09T07:55:08.221Z,2021-02-09T07:55:08.221Z,0,,1683.04,10-Jan-2020
60223fc7ae7f470009fecea8,KOTAKBANK,EQ,N,1673.75,1658.7,1673.5,1665.05,1665.1,1654.85,2668424,4441566349.9,1734.8,1198.0,64081,INE237A01028,2020-01-09,2020-01-08T18:30:00.000Z,2021-02-09T07:54:47.037Z,2021-02-09T07:54:47.037Z,0,,1664.49,09-Jan-2020
60223fb2c5339d00087cae26,KOTAKBANK,EQ,N,1661.45,1638.0,1654.7,1654.85,1651.65,1670.85,3125931,5159240766.45,1734.8,1198.0,108277,INE237A01028,2020-01-08,2020-01-07T18:30:00.000Z,2021-02-09T07:54:26.393Z,2021-02-09T07:54:26.393Z,0,,1650.47,08-Jan-2020
60223f9dae7f470009fec5e1,KOTAKBANK,EQ,N,1674.75,1650.4,1661.05,1670.85,1668.0,1652.55,2497931,4153901190.6,1734.8,1198.0,62054,INE237A01028,2020-01-07,2020-01-06T18:30:00.000Z,2021-02-09T07:54:05.214Z,2021-02-09T07:54:05.214Z,0,,1662.94,07-Jan-2020
60223f87c5339d00087ca532,KOTAKBANK,EQ,N,1657.45,1638.6,1657.1,1652.55,1653.8,1657.1,1480087,2437810663.9,1734.8,1198.0,64555,INE237A01028,2020-01-06,2020-01-05T18:30:00.000Z,2021-02-09T07:53:43.769Z,2021-02-09T07:53:43.769Z,0,,1647.07,06-Jan-2020
60223f72c5339d00087c9c5c,KOTAKBANK,EQ,N,1673.0,1645.55,1670.95,1657.1,1659.05,1671.55,1594089,2642595822.75,1734.8,1198.0,83688,INE237A01028,2020-01-03,2020-01-02T18:30:00.000Z,2021-02-09T07:53:22.741Z,2021-02-09T07:53:22.741Z,0,,1657.75,03-Jan-2020
60223f5dc5339d00087c93b5,KOTAKBANK,EQ,N,1683.5,1664.65,1680.0,1671.55,1671.5,1674.05,1852089,3092952302.85,1734.8,1198.0,56954,INE237A01028,2020-01-02,2020-01-01T18:30:00.000Z,2021-02-09T07:53:01.621Z,2021-02-09T07:53:01.621Z,0,,1669.98,02-Jan-2020
60223f48a211e30008079fe2,KOTAKBANK,EQ,N,1696.75,1672.0,1689.0,1674.05,1673.15,1684.35,1475056,2476624713.9,1734.8,1198.0,43248,INE237A01028,2020-01-01,2019-12-31T18:30:00.000Z,2021-02-09T07:52:40.523Z,2021-02-09T07:52:40.523Z,0,,1679.0,01-Jan-2020
